"index_number","port_code","year","harbor_size","overhead_limits","channel_depth","anchorage_depth","cargo_depth","cranes_fixed","cranes_mobile","cranes_floating","railway","lifts100","lifts50","lifts25","lifts0","max_lift","lat","long"
44750,"TRIZM",2022,"Large","Unknown",9.4,14,7.9,0,0,0,0,"Yes","Yes","Yes","Yes",12,38.433333,-27.133333
41640,"MEBAR",2022,"Small","No",17.1,23.2,9.4,0,0,0,0,"Unknown","Yes","Yes","Yes",12,42.083333,-19.083333
40860,"SIKOP",2022,"Small","No",12.5,17.1,12.5,0,0,0,0,"Unknown","Yes","Yes","Yes",12,45.55,-13.733333
39960,"ITNAP",2022,"Large","Yes",14,20.1,9.4,0,0,0,0,"Yes","Yes","Yes","Yes",12,40.833,-14.275
39810,"ITCVV",2022,"Large","Unknown",12.5,15.5,9.4,0,0,0,0,"Unknown","Unknown","Yes","Yes",12,42.102,-11.771
39590,"ITLIV",2022,"Large","No",12.5,7.9,4.9,0,0,0,0,"Yes","Yes","Unknown","Unknown",75,43.542,-10.29
39520,"ITSPE",2022,"Large","Unknown",14,15.5,14,0,0,0,0,"Yes","Yes","Yes","Yes",12,44.1,-9.833333
39470,"ITGOA",2022,"Large","Yes",15.5,7.9,14,0,0,0,0,"Yes","Yes","Yes","Yes",12,44.398,-8.922
38810,"FRMRS",2022,"Small","Yes",12.5,11,15.5,0,0,0,0,"Yes","Yes","Yes","Yes",12,43.316667,-5.366667
38550,"ESBCN",2022,"Large","Unknown",9.4,23.2,15.5,0,0,0,0,"Unknown","Yes","Yes","Unknown",37,41.35,-2.166667
38430,"ESCAR",2022,"Small","Unknown",11,23.2,12.5,0,0,0,0,"Unknown","Unknown","Yes","Yes",12,37.583333,-0.983333
38290,"ESCAD",2022,"Medium","Yes",12.5,14,14,0,0,0,0,"Unknown","Yes","Yes","Yes",12,36.533333,-6.3
38220,"ESHUV",2022,"Medium","Unknown",12.5,20.1,12.5,0,0,0,0,"Yes","Yes","Yes","Yes",12,37.25,-6.95
37990,"PTLIS",2022,"Large","Yes",14,15.5,17.1,0,0,0,0,"Unknown","Yes","Yes","Unknown",37,38.7,-9.166667
37860,"ESMPG",2022,"Small","Unknown",23.2,23.2,11,0,0,0,0,"Unknown","Yes","Yes","Yes",12,42.4,-8.7
37560,"ESGIJ",2022,"Small","Unknown",18.6,6.4,20.1,0,0,0,0,"Unknown","Yes","Yes","Yes",12,43.55,-5.666667
36900,"FRNTE",2022,"Medium","Yes",7.9,18.6,4.9,0,0,0,0,"Unknown","Yes","Yes","Yes",12,47.2,-1.566667
38310,"ESALG",2022,"Small","Yes",6.4,23.2,23.2,0,0,0,0,"Unknown","Yes","Yes","Yes",12,36.133333,-5.433333
40340,"MTMAR",2022,"Small","Unknown",14,23.2,15.5,0,0,0,0,"Unknown","Unknown","Yes","Unknown",37,35.816667,-14.55
43340,"TRGEM",2022,"Very Small","Yes",0,23.2,6.4,0,0,0,0,"Yes","Yes","Yes","Unknown",37,40.416667,-29.116667
44880,"TRISK",2022,"Very Small","Unknown",11,4.9,12.5,0,0,0,0,"Unknown","Yes","Yes","Yes",12,36.6,-36.166667
38370,"ESAGP",2022,"Medium","No",12.5,23.2,17.1,0,0,0,0,"Unknown","Unknown","Yes","Yes",12,36.716667,-4.416667
40115,"ITGIT",2022,"Large","Unknown",17.1,18.6,15.5,0,0,0,0,"Unknown","Yes","Unknown","Unknown",75,38.444,-15.89
40270,"ITCTA",2022,"Medium","Unknown",11,23.2,9.4,0,0,0,0,"Unknown","Yes","Yes","Unknown",37,37.5,-15.1
44950,"CYLMS",2022,"Small","Unknown",14,23.2,14,0,0,0,0,"Unknown","Unknown","Yes","Unknown",37,34.666667,-33.05
44820,"TRAYT",2022,"Small","Unknown",6.4,20.1,4.9,0,0,0,0,"Unknown","Unknown","Yes","Yes",12,36.833333,-30.616667
38440,"ESALC",2022,"Medium","Unknown",14,11,14,0,0,0,0,"Unknown","Unknown","Yes","Yes",12,38.333333,-0.483333
39550,"ITMDC",2022,"Very Small","No",12.5,6.4,9.4,0,0,0,0,"Unknown","Yes","Yes","Yes",12,44.027,-10.047
43334,"TRALI",2022,"Very Small","Unknown",0,7.9,0,0,0,0,0,"Yes","Yes","Yes","Yes",12,38.833333,-26.933333
37950,"PTLEI",2022,"Very Small","Yes",14,20.1,11,0,0,0,0,"Unknown","Yes","Yes","Yes",12,41.183333,-8.7
38095,"PTPRV",2022,"Very Small","Unknown",17.1,23.2,12.5,0,0,0,0,"Unknown","Unknown","Yes","Yes",12,38.716667,-27.05
37470,"ESSDR",2022,"Medium","No",11,21.6,12.5,0,0,0,0,"Unknown","Unknown","Yes","Yes",12,43.466667,-3.783333
38000,"PTSET",2022,"Small","Unknown",11,6.4,14,0,0,0,0,"Unknown","Unknown","Yes","Yes",12,38.516667,-8.9
38005,"PTSIE",2022,"Medium","Unknown",0,23.2,14,0,0,0,0,"Unknown","Yes","Yes","Unknown",37,37.95,-8.866667
42230,"GRPIR",2022,"Large","Unknown",23.2,23.2,15.5,0,0,0,0,"Unknown","Yes","Yes","Yes",12,37.933333,-23.65
35840,"FRLEH",2022,"Large","Yes",14,6.4,15.5,0,0,0,0,"Yes","Yes","Yes","Yes",12,49.483333,-0.116667
41410,"HRPLE",2022,"Very Small","Yes",9.4,23.2,3.4,0,0,0,0,"Unknown","Yes","Yes","Unknown",37,43.05,-17.433333
41010,"HRRJK",2022,"Large","Unknown",17.1,23.2,6.4,0,0,0,0,"Unknown","Yes","Yes","Yes",12,45.333333,-14.433333
40760,"ITVCE",2022,"Large","Unknown",11,12.5,7.9,0,0,0,0,"Yes","Yes","Yes","Yes",12,45.416667,-12.433333
38100,"PTPDL",2022,"Small","Unknown",7.9,12.5,11,0,0,0,0,"Unknown","Unknown","Yes","Yes",12,37.733333,-25.666667
40040,"ITSAL",2022,"Small","Unknown",11,17.1,11,0,0,0,0,"Yes","Yes","Yes","Yes",12,40.666667,-14.75
40470,"ITTAR",2022,"Large","Yes",14,11,15.5,0,0,0,0,"Yes","Yes","Yes","Unknown",37,40.466667,-17.2
11450,"GPPTP",2022,"Medium","No",11,11,11,0,0,0,0,"Unknown","Yes","Yes","Yes",12,16.233333,-61.533333
40530,"ITBRI",2022,"Medium","Unknown",11,9.4,11,0,0,0,0,"Unknown","Unknown","Unknown","Yes",12,41.146,-16.846
40660,"ITAOI",2022,"Small","Unknown",11,11,7.9,0,0,0,0,"Unknown","Yes","Yes","Yes",12,43.629,-13.494
36460,"FRBES",2022,"Large","Yes",12.5,21.6,12.5,0,0,0,0,"Unknown","Yes","Yes","Yes",12,48.383333,-4.5
37900,"ESVGO",2022,"Medium","No",23.2,23.2,17.1,0,0,0,0,"Yes","Yes","Yes","Yes",12,42.233333,-8.716667
38480,"ESVLC",2022,"Medium","Unknown",15.5,17.1,17.1,0,0,0,0,"Unknown","Unknown","Yes","Yes",12,39.45,-0.316667
37830,"ESVIL",2022,"Very Small","Unknown",20.1,4.9,11,0,0,0,0,"Unknown","Unknown","Unknown","Yes",12,42.6,-8.766667
44860,"TRMER",2022,"Medium","Yes",11,3.4,3.4,0,0,0,0,"Unknown","Unknown","Yes","Yes",12,36.8,-34.633333
37400,"ESBIO",2022,"Medium","Unknown",6.4,23.2,20.1,0,0,0,0,"Yes","Yes","Yes","Yes",12,43.35,-3.05
38630,"ESPMI",2022,"Medium","Unknown",9.4,14,18.6,0,0,0,0,"Unknown","Unknown","Yes","Yes",12,39.566667,-2.633333
38540,"ESTAR",2022,"Large","Unknown",20.1,23.2,20.1,0,0,0,0,"Yes","Yes","Yes","Yes",12,41.1,-1.233333
39440,"ITSVN",2022,"Small","Yes",9.4,15.5,7.9,0,0,0,0,"Yes","Yes","Yes","Yes",12,44.316667,-8.5
42530,"GRSKG",2022,"Medium","Unknown",0,20.1,11.3,0,0,0,0,"Yes","Yes","Yes","Yes",12,40.633333,-22.933333
43390,"TRTEK",2022,"Very Small","Unknown",0,11,9.4,0,0,0,0,"Unknown","Yes","Yes","Yes",12,40.983333,-27.516667
38160,"ESSCT",2022,"Medium","Unknown",11,23.2,18.6,0,0,0,0,"Unknown","Unknown","Unknown","Yes",12,28.466667,-16.233333
38130,"PTFNC",2022,"Large","Unknown",12.5,12.5,11,0,0,0,0,"Unknown","Unknown","Yes","Yes",12,32.633333,-16.916667
38170,"ESLPA",2022,"Large","No",11,23.2,21.6,0,0,0,0,"Yes","Yes","Yes","Yes",12,28.15,-15.416667
39210,"ITCAG",2022,"Medium","Unknown",14,12.5,7.9,0,0,0,0,"Unknown","Unknown","Yes","Yes",12,39.19,-9.102
43560,"ROCND",2022,"Medium","Yes",20.1,23.2,6.4,0,0,0,0,"Unknown","Yes","Yes","Yes",12,44.166667,-28.65
31660,"GBHUL",2022,"Medium","Yes",4.9,4.9,9.4,0,0,0,0,"Yes","Unknown","Yes","Yes",12,53.75,-0.283333
31650,"GBIMM",2022,"Medium","Yes",7.9,4.9,12.5,0,0,0,0,"No","Yes","Yes","Yes",12,53.633333,-0.2
31560,"GBFXT",2022,"Very Small","Unknown",14,11,6.4,0,0,0,0,"Unknown","Unknown","Yes","Yes",12,51.95,-1.316667
31270,"BEGNE",2022,"Medium","Yes",11,14,11,0,0,0,0,"Unknown","Unknown","Yes","Yes",12,51.066667,-3.733333
31250,"BEANR",2022,"Large","Yes",11,20.1,11,0,0,0,0,"Yes","Yes","Yes","Yes",12,51.216667,-4.4
31060,"NLAMS",2022,"Large","Yes",12.5,14,9.4,0,0,0,0,"Yes","Yes","Yes","Yes",12,52.366667,-4.9
24020,"SEGOT",2022,"Large","Yes",7.9,23.2,4.9,0,0,0,0,"Yes","Yes","Yes","Yes",12,57.709722222,-11.954722222
23840,"NOFRK",2022,"Small","Yes",4.9,7.9,3.4,0,0,0,0,"Unknown","Yes","Yes","Yes",12,59.179166667,-10.952777778
35732,"FRDKK",2022,"Medium","Yes",20.1,20.1,21.6,0,0,0,0,"Unknown","Yes","Unknown","Unknown",75,51.066667,-2.35
35070,"GBBRS",2022,"Medium","Yes",6.4,6.4,14,0,0,0,0,"Unknown","Yes","Yes","Yes",12,51.466667,-2.633333
35010,"GBCDF",2022,"Medium","Yes",0,9.4,11,0,0,0,0,"Unknown","Unknown","Yes","Yes",12,51.45,-3.166667
34690,"GBLIV",2022,"Large","Yes",6.4,6.4,12.5,0,0,0,0,"Unknown","Yes","Yes","Yes",12,53.416667,-3
44620,"TRIZT",2022,"Small","Yes",4.9,15.5,4.9,0,0,0,0,"Unknown","Unknown","Unknown","Unknown",0,40.766667,-29.916667
31470,"GBLON",2022,"Large","Yes",7.9,14,3.4,0,0,0,0,"Yes","Yes","Yes","Yes",12,51.5,-0.0833329999999
30810,"DEBRV",2022,"Large","Yes",11,7.9,4.9,0,0,0,0,"Yes","Yes","Yes","Yes",12,53.533333,-8.583333
30800,"DECUX",2022,"Medium","Unknown",14,3.4,6.4,0,0,0,0,"Unknown","Yes","Unknown","Yes",12,53.866667,-8.716667
23550,"NOKRS",2022,"Small","Yes",4.9,14,4.9,0,0,0,0,"Unknown","Yes","Yes","Yes",12,58.138888889,-8.012777778
30260,"DKAAR",2022,"Medium","Yes",11,11,7.9,0,0,0,0,"Unknown","Yes","Yes","Yes",12,56.15,-10.216667
25590,"SEGVX",2022,"Small","Yes",9.4,11,7.9,0,0,0,0,"Unknown","Unknown","Yes","Unknown",37,60.683333,-17.166667
24210,"SEMMA",2022,"Large","Yes",7.9,9.4,4.9,0,0,0,0,"Unknown","Yes","Yes","Unknown",37,55.623333333,-12.984722222
28930,"DEKEL",2022,"Large","Yes",11,6.4,4.9,0,0,0,0,"Unknown","Unknown","Yes","Yes",12,54.316667,-10.133333
28740,"PLGDY",2022,"Large","Unknown",14,9.4,6.4,0,0,0,0,"Unknown","Yes","Yes","Yes",12,54.533333,-18.55
28710,"PLGDN",2022,"Large","Yes",6.4,9.4,6.4,0,0,0,0,"Unknown","Yes","Yes","Unknown",37,54.35,-18.666667
28660,"LTKLJ",2022,"Medium","Yes",15,39,6.4,0,0,0,0,"Unknown","Yes","Yes","Yes",12,55.716667,-21.116667
22920,"NOMJF",2022,"Very Small","Yes",4.9,9.4,4.9,0,0,0,0,"No","No","Yes","Yes",12,65.858888889,-13.170833333
24050,"SEHAD",2022,"Small","Yes",11,7.9,6.4,0,0,0,0,"Yes","Unknown","Yes","Yes",12,56.666667,-12.866667
25190,"SENRK",2022,"Medium","Yes",7.9,18.6,4.9,0,0,0,0,"Yes","Unknown","Yes","Yes",12,58.583333,-16.2
30780,"DEHAM",2022,"Large","Yes",9.4,0,6.4,0,0,0,0,"Yes","Yes","Yes","Yes",12,53.55,-9.933333
28890,"DELBC",2022,"Medium","Yes",7.9,12.5,7.9,0,0,0,0,"Unknown","Yes","Yes","Yes",12,53.883333,-10.7
32220,"GBABD",2022,"Medium","Yes",4.9,9.4,9.4,0,0,0,0,"Yes","Yes","Yes","Yes",12,57.15,-2.083333
23830,"NOMSS",2022,"Small","Yes",11,20.1,7.9,0,0,0,0,"Unknown","Yes","Yes","Unknown",37,59.440555556,-10.655277778
31670,"GBGOO",2022,"Small","Yes",3.4,0,4.9,0,0,0,0,"Unknown","Yes","Yes","Yes",12,53.7,-0.833333
24120,"SEHEL",2022,"Medium","No",9.4,14,4.9,0,0,0,0,"Unknown","Unknown","Yes","Yes",12,56.035277778,-12.687777778
29230,"DKCPH",2022,"Large","Yes",7.9,0,6.4,0,0,0,0,"Yes","Yes","Unknown","Unknown",75,55.7,-12.616667
28190,"FIHEL",2022,"Large","Yes",7.9,11,3.4,0,0,0,0,"Yes","Yes","Yes","Yes",12,60.166667,-24.966667
28140,"FIHKO",2022,"Small","Unknown",6.4,23.2,12.5,0,0,0,0,"Unknown","Unknown","Yes","Yes",12,59.816667,-22.95
44450,"TRSSX",2022,"Large","Unknown",11,23.2,4.9,0,0,0,0,"Unknown","Unknown","Yes","Yes",12,41.3,-36.35
30170,"DKFRC",2022,"Small","Yes",14,14,4.9,0,0,0,0,"Unknown","Yes","Yes","Yes",12,55.566667,-9.766667
31140,"NLRTM",2022,"Large","Yes",11,11,6.4,0,0,0,0,"Yes","Yes","Yes","Yes",12,51.9,-4.483333
30910,"DEWVN",2022,"Small","Yes",20.1,11,11,0,0,0,0,"Yes","Unknown","Yes","Yes",12,53.533333,-8.166667
31280,"BEZEE",2022,"Medium","No",9.4,7.9,14,0,0,0,0,"Unknown","Unknown","Yes","Yes",12,51.333333,-3.2
35580,"GBSOU",2022,"Large","Unknown",12.5,21.6,14,0,0,0,0,"Yes","Yes","Unknown","Yes",12,50.9,-1.4
40820,"ITTRS",2022,"Large","No",17.1,18.6,17.1,0,0,0,0,"Unknown","Unknown","Yes","Yes",12,45.651,-13.746
34400,"IEWAT",2022,"Very Small","Yes",6.5,7.9,8,0,0,0,0,"Unknown","Unknown","Yes","Yes",12,52.266667,-7.116667
27520,"FIOUL",2022,"Large","Yes",6.4,11,6.4,0,0,0,0,"Unknown","Yes","Unknown","Yes",12,65.016667,-25.4
25395,"SEVST",2022,"Medium","Yes",4.9,6.4,3.4,0,0,0,0,"Yes","Yes","Yes","Yes",12,59.616667,-16.55
25320,"SESOE",2022,"Small","Yes",7.9,7.9,7.9,0,0,0,0,"Unknown","Unknown","Yes","Yes",12,59.183333,-17.65
23810,"NOOSL",2022,"Large","Unknown",11,17.1,4.9,0,0,0,0,"Yes","Yes","Yes","Yes",12,59.898055556,-10.745555556
28823,"PLSZZ",2022,"Medium","Yes",7.9,6.4,1.8,0,0,0,0,"Yes","Yes","Yes","Yes",12,53.416667,-14.55
33770,"GBBEL",2022,"Large","Unknown",9.3,9.4,11.2,0,0,0,0,"Unknown","Unknown","Yes","Yes",12,54.616667,-5.9
34025,"IEDRO",2022,"Very Small","Yes",4.9,1.8,6.2,0,0,0,0,"Yes","Yes","Yes","Yes",12,53.716667,-6.3
38270,"ESSVQ",2022,"Medium","Yes",7.9,0,6.4,0,0,0,0,"Unknown","Unknown","Yes","Yes",12,37.366667,-6
28480,"EETLL",2022,"Large","No",13,20.1,9.8,0,0,0,0,"No","No","No","Yes",12,59.450128,-24.766676
43510,"BGVAR",2022,"Large","Yes",9.4,15.5,4.9,0,0,0,0,"Yes","Unknown","Yes","Yes",12,43.183333,-27.966667
34360,"IEORK",2022,"Medium","Yes",11,17.1,11,0,0,0,0,"Unknown","Unknown","Yes","Unknown",37,51.85,-8.266667
27780,"FIRAU",2022,"Medium","Yes",9.4,7.9,4.9,0,0,0,0,"Unknown","Unknown","Unknown","Yes",12,61.125,-21.446111111
27740,"FIPOR",2022,"Large","Yes",6.4,20.1,7.9,0,0,0,0,"Yes","Yes","Yes","Yes",12,61.483333,-21.8
33680,"GBWPT",2022,"Very Small","Unknown",5.4,6.4,7.5,0,0,0,0,"Unknown","Unknown","Yes","Unknown",37,54.1,-6.25
30640,"DKEBJ",2022,"Small","Yes",9.4,11,7.9,0,0,0,0,"Unknown","Unknown","Yes","Unknown",37,55.466667,-8.45
28610,"LVRIX",2022,"Large","Yes",12.5,21.6,9.4,0,0,0,0,"Unknown","Yes","Yes","Yes",12,56.95,-24.1
30400,"DKAAL",2022,"Small","Yes",9.4,6.4,9.4,0,0,0,0,"Unknown","Yes","Yes","Yes",12,57.05,-9.933333
11550,"MQFDF",2022,"Medium","No",9.4,9.4,12.5,0,0,0,0,"Unknown","Unknown","Yes","Yes",12,14.6,-61.066667
11450,"GPPTP",2019,"M","N",11,11,11,NA,1,NA,0,NA,"Y","Y","Y",12,16.2333333333333,-61.5333333333333
11550,"MQFDF",2019,"M","N",9,9,12,NA,1,NA,0,NA,NA,"Y","Y",12,14.6,-61.0666666666667
22920,"NOMJF",2019,"V","Y",4,9,4,1,1,0,1,"N","N","Y","Y",12,65.8333333333333,13.2
23550,"NOKRS",2019,"S","Y",4,14,4,1,1,NA,1,NA,"Y","Y","Y",12,58.15,8
23810,"NOOSL",2019,"L",NA,11,17,4,1,1,1,1,"Y","Y","Y","Y",12,59.9166666666667,10.75
23830,"NOMSS",2019,"S","Y",11,20,7,1,1,1,1,NA,"Y","Y",NA,37,59.45,10.6666666666667
23840,"NOFRK",2019,"S","Y",4,7,3,1,1,NA,1,NA,"Y","Y","Y",12,59.2,10.95
24020,"SEGOT",2019,"L","Y",7,23,4,1,1,1,1,"Y","Y","Y","Y",12,57.7,11.9666666666667
24050,"SEHAD",2019,"S","Y",11,7,6,1,1,NA,1,"Y",NA,"Y","Y",12,56.6666666666667,12.8666666666667
24120,"SEHEL",2019,"M","N",9,14,4,1,1,NA,1,NA,NA,"Y","Y",12,56.05,12.7
24210,"SEMMA",2019,"L","Y",7,9,4,1,1,NA,1,NA,"Y","Y",NA,37,55.6166666666667,13
25190,"SENRK",2019,"M","Y",7,18,4,1,1,NA,1,"Y",NA,"Y","Y",12,58.5833333333333,16.2
25320,"SESOE",2019,"S","Y",7,7,7,1,NA,NA,1,NA,NA,"Y","Y",12,59.1833333333333,17.65
25395,"SEVST",2019,"M","Y",4,6,3,1,1,NA,1,"Y","Y","Y","Y",12,59.6166666666667,16.55
25590,"SEGVX",2019,"S","Y",9,11,7,1,NA,NA,1,NA,NA,"Y",NA,37,60.6833333333333,17.1666666666667
27520,"FIOUL",2019,"L","Y",6,11,6,NA,1,NA,1,NA,"Y",NA,"Y",12,65.0166666666667,25.4
27740,"FIPOR",2019,"L","Y",6,20,7,1,1,NA,1,"Y","Y","Y","Y",12,61.4833333333333,21.8
27780,"FIRAU",2019,"M","Y",9,7,4,NA,1,NA,1,NA,NA,NA,"Y",12,61.1333333333333,21.5
28140,"FIHKO",2019,"S",NA,6,23,12,1,1,NA,1,NA,NA,"Y","Y",12,59.8166666666667,22.95
28190,"FIHEL",2019,"L","Y",7,11,3,1,1,1,1,"Y","Y","Y","Y",12,60.1666666666667,24.9666666666667
28480,"EETLL",2019,"L","Y",6,20,3,1,1,1,0,"Y","Y","Y","Y",12,59.45,24.7666666666667
28610,"LVRIX",2019,"L","Y",12,21,9,1,1,NA,0,NA,"Y","Y","Y",12,56.95,24.1
28660,"LTKLJ",2019,"M","Y",9,23,6,NA,1,1,1,NA,"Y","Y","Y",12,55.7166666666667,21.1166666666667
28710,"PLGDN",2019,"L","Y",6,9,6,1,1,1,1,NA,"Y","Y",NA,37,54.35,18.6666666666667
28740,"PLGDY",2019,"L",NA,14,9,6,1,1,1,1,NA,"Y","Y","Y",12,54.5333333333333,18.55
28823,"PLSZZ",2019,"M","Y",7,6,1,1,1,1,1,"Y","Y","Y","Y",12,53.4166666666667,14.55
28890,"DELBC",2019,"M","Y",7,12,7,1,1,1,1,NA,"Y","Y","Y",12,53.8833333333333,10.7
28930,"DEKEL",2019,"L","Y",11,6,4,1,1,NA,1,NA,NA,"Y","Y",12,54.3166666666667,10.1333333333333
29230,"DKCPH",2019,"L","Y",7,NA,6,1,1,NA,1,"Y","Y",NA,NA,75,55.7,12.6166666666667
30170,"DKFRC",2019,"S","Y",14,14,4,1,1,NA,1,NA,"Y","Y","Y",12,55.5666666666667,9.76666666666667
30260,"DKAAR",2019,"M","Y",11,11,7,1,1,1,1,NA,"Y","Y","Y",12,56.15,10.2166666666667
30400,"DKAAL",2019,"S","Y",9,6,9,1,NA,1,1,NA,"Y","Y","Y",12,57.05,9.93333333333333
30640,"DKEBJ",2019,"S","Y",9,11,7,NA,1,NA,1,NA,NA,"Y",NA,37,55.4666666666667,8.45
30780,"DEHAM",2019,"L","Y",9,NA,6,1,1,1,1,"Y","Y","Y","Y",12,53.55,9.93333333333333
30800,"DECUX",2019,"M",NA,14,3,6,1,NA,NA,1,NA,"Y",NA,"Y",12,53.8666666666667,8.71666666666667
30810,"DEBRV",2019,"L","Y",11,7,4,1,1,1,1,"Y","Y","Y","Y",12,53.5333333333333,8.58333333333333
30910,"DEWVN",2019,"S","Y",20,11,11,1,1,1,1,"Y",NA,"Y","Y",12,53.5333333333333,8.16666666666667
31060,"NLAMS",2019,"L","Y",12,14,9,1,1,1,1,"Y","Y","Y","Y",12,52.3666666666667,4.9
31140,"NLRTM",2019,"L","Y",11,11,6,1,1,1,1,"Y","Y","Y","Y",12,51.9,4.48333333333333
31250,"BEANR",2019,"L","Y",11,20,11,1,1,1,0,"Y","Y","Y","Y",12,51.2166666666667,4.4
31270,"BEGNE",2019,"M","Y",11,14,11,1,1,NA,1,NA,NA,"Y","Y",12,51.0666666666667,3.73333333333333
31280,"BEZEE",2019,"M","N",9,7,14,NA,1,NA,1,NA,NA,"Y","Y",12,51.3333333333333,3.2
31470,"GBLON",2019,"L","Y",7,14,3,1,1,1,1,"Y","Y","Y","Y",12,51.5,-0.0833333333333333
31560,"GBFXT",2019,"V",NA,14,11,6,1,1,NA,1,NA,NA,"Y","Y",12,51.95,1.31666666666667
31650,"GBIMM",2019,"M","Y",7,4,12,1,1,NA,1,"N","Y","Y","Y",12,53.6333333333333,-0.2
31660,"GBHUL",2019,"M","Y",4,4,9,1,1,1,0,"Y",NA,"Y","Y",12,53.75,-0.283333333333333
31670,"GBGOO",2019,"S","Y",3,NA,4,1,1,1,1,NA,"Y","Y","Y",12,53.7,-0.833333333333333
32220,"GBABD",2019,"M","Y",4,9,9,1,1,NA,0,"Y","Y","Y","Y",12,57.15,-2.08333333333333
33680,"GBWPT",2019,"V",NA,4,6,NA,1,1,NA,1,NA,NA,"Y",NA,37,54.1,-6.25
33770,"GBBEL",2019,"L",NA,7,9,9,1,1,1,1,NA,NA,"Y","Y",12,54.6166666666667,-5.9
34025,"IEDRO",2019,"V","Y",4,1,11,NA,1,NA,1,"Y","Y","Y","Y",12,53.7166666666667,-6.3
34360,"IEORK",2019,"M","Y",4,17,11,1,1,NA,1,NA,NA,"Y",NA,37,51.85,-8.26666666666667
34400,"IEWAT",2019,"V","Y",4,7,7,1,1,1,0,NA,NA,"Y","Y",12,52.2666666666667,-7.11666666666667
34690,"GBLIV",2019,"L","Y",6,6,12,1,1,1,1,NA,"Y","Y","Y",12,53.4166666666667,-3
35010,"GBCDF",2019,"M","Y",0,9,11,1,1,1,1,NA,NA,"Y","Y",12,51.45,-3.16666666666667
35070,"GBBRS",2019,"M","Y",6,6,14,1,1,NA,1,NA,"Y","Y","Y",12,51.4666666666667,-2.63333333333333
35580,"GBSOU",2019,"L",NA,12,21,14,1,1,1,1,"Y","Y",NA,"Y",12,50.9,-1.4
35732,"FRDKK",2019,"M","Y",20,20,21,1,1,NA,0,NA,"Y",NA,NA,75,51.0666666666667,2.35
35840,"FRLEH",2019,"L","Y",14,6,15,1,1,1,1,"Y","Y","Y","Y",12,49.4833333333333,0.116666666666667
36460,"FRBES",2019,"L","Y",12,21,12,1,1,NA,1,NA,"Y","Y","Y",12,48.3833333333333,-4.5
36900,"FRNTE",2019,"M","Y",7,18,4,1,1,1,1,NA,"Y","Y","Y",12,47.2,-1.56666666666667
37400,"ESBIO",2019,"M",NA,6,23,20,1,1,1,0,"Y","Y","Y","Y",12,43.35,-3.05
37470,"ESSDR",2019,"M","N",11,21,12,1,1,NA,1,NA,NA,"Y","Y",12,43.4666666666667,-3.78333333333333
37560,"ESGIJ",2019,"S",NA,18,6,20,1,1,1,1,NA,"Y","Y","Y",12,43.55,-5.66666666666667
37830,"ESVIL",2019,"V",NA,20,4,11,NA,1,NA,1,NA,NA,NA,"Y",12,42.6,-8.76666666666667
37860,"ESMPG",2019,"S",NA,23,23,11,1,1,1,1,NA,"Y","Y","Y",12,42.4,-8.7
37900,"ESVGO",2019,"M","N",23,23,17,1,1,NA,1,"Y","Y","Y","Y",12,42.2333333333333,-8.71666666666667
37950,"PTLEI",2019,"V","Y",14,20,11,1,1,NA,1,NA,"Y","Y","Y",12,41.1833333333333,-8.7
37990,"PTLIS",2019,"L","Y",14,15,17,1,1,NA,0,NA,"Y","Y",NA,37,38.7,-9.16666666666667
38000,"PTSET",2019,"S",NA,11,6,14,1,1,NA,1,NA,NA,"Y","Y",12,38.5166666666667,-8.9
38005,"PTSIE",2019,"M",NA,NA,23,14,1,1,NA,1,NA,"Y","Y",NA,37,37.95,-8.86666666666667
38095,"PTPRV",2019,"V",NA,17,23,12,1,NA,NA,0,NA,NA,"Y","Y",12,38.7166666666667,-27.05
38100,"PTPDL",2019,"S",NA,7,12,11,NA,1,NA,1,NA,NA,"Y","Y",12,37.7333333333333,-25.6666666666667
38130,"PTFNC",2019,"L",NA,12,12,11,NA,1,NA,0,NA,NA,"Y","Y",12,32.6333333333333,-16.9166666666667
38160,"ESSCT",2019,"M",NA,11,23,18,NA,1,NA,1,NA,NA,NA,"Y",12,28.4666666666667,-16.2333333333333
38170,"ESLPA",2019,"L","N",11,23,21,1,1,1,1,"Y","Y","Y","Y",12,28.15,-15.4166666666667
38220,"ESHUV",2019,"M",NA,12,20,12,1,1,NA,1,"Y","Y","Y","Y",12,37.25,-6.95
38270,"ESSVQ",2019,"M","Y",7,NA,6,1,1,NA,0,NA,NA,"Y","Y",12,37.3666666666667,-6
38290,"ESCAD",2019,"M","Y",12,14,14,1,1,NA,1,NA,"Y","Y","Y",12,36.5333333333333,-6.3
38310,"ESALG",2019,"S","Y",6,23,23,1,1,NA,1,NA,"Y","Y","Y",12,36.1333333333333,-5.43333333333333
38370,"ESAGP",2019,"M","N",12,23,17,1,1,NA,1,NA,NA,"Y","Y",12,36.7166666666667,-4.41666666666667
38430,"ESCAR",2019,"S",NA,11,23,12,1,1,1,1,NA,NA,"Y","Y",12,37.5833333333333,-0.983333333333333
38440,"ESALC",2019,"M",NA,14,11,14,1,1,1,1,NA,NA,"Y","Y",12,38.3333333333333,-0.483333333333333
38480,"ESVLC",2019,"M",NA,15,17,17,1,1,1,1,NA,NA,"Y","Y",12,39.45,-0.316666666666667
38540,"ESTAR",2019,"L",NA,20,23,20,1,1,1,1,"Y","Y","Y","Y",12,41.1,1.23333333333333
38550,"ESBCN",2019,"L",NA,9,23,15,1,1,NA,1,NA,"Y","Y",NA,37,41.35,2.16666666666667
38630,"ESPMI",2019,"M",NA,9,14,18,1,1,1,1,NA,NA,"Y","Y",12,39.5666666666667,2.63333333333333
38810,"FRMRS",2019,"S","Y",12,11,15,1,1,1,1,"Y","Y","Y","Y",12,43.3166666666667,5.36666666666667
39210,"ITCAG",2019,"S",NA,14,12,7,1,1,NA,1,NA,NA,"Y","Y",12,39.2166666666667,9.11666666666667
39440,"ITSVN",2019,"S","Y",9,15,7,1,1,NA,1,"Y","Y","Y","Y",12,44.3166666666667,8.5
39470,"ITGOA",2019,"L","Y",15,7,14,1,1,1,1,"Y","Y","Y","Y",12,44.4,8.93333333333333
39520,"ITSPE",2019,"M",NA,14,15,14,1,1,NA,1,"Y","Y","Y","Y",12,44.1,9.83333333333333
39550,"ITMDC",2019,"V","N",12,6,9,NA,1,NA,1,NA,"Y","Y","Y",12,44.0333333333333,10.0333333333333
39590,"ITLIV",2019,"S","N",12,7,4,1,1,1,1,"Y","Y",NA,NA,75,43.55,10.3166666666667
39810,"ITCVV",2019,"M",NA,12,15,9,1,1,1,0,NA,NA,"Y","Y",12,42.1,11.7833333333333
39960,"ITNAP",2019,"L","Y",14,20,9,1,1,1,1,"Y","Y","Y","Y",12,40.85,14.2666666666667
40040,"ITSAL",2019,"S",NA,11,17,11,1,1,NA,1,"Y","Y","Y","Y",12,40.6666666666667,14.75
40115,"ITGIT",2019,"S",NA,17,18,15,1,1,NA,1,NA,"Y",NA,NA,75,38.4166666666667,15.9
40270,"ITCTA",2019,"S",NA,11,23,9,1,1,NA,1,NA,"Y","Y",NA,37,37.5,15.1
40340,"MTMAR",2019,"S",NA,14,23,15,NA,1,NA,0,NA,NA,"Y",NA,37,35.8166666666667,14.55
40470,"ITTAR",2019,"L","Y",14,11,15,1,1,1,1,"Y","Y","Y",NA,37,40.4666666666667,17.2
40530,"ITBRI",2019,"M",NA,11,9,11,NA,1,1,1,NA,NA,NA,"Y",12,41.1333333333333,16.8666666666667
40660,"ITAOI",2019,"S",NA,11,11,7,1,1,1,1,NA,"Y","Y","Y",12,43.6166666666667,13.5
40760,"ITVCE",2019,"L",NA,11,12,7,1,1,1,0,"Y","Y","Y","Y",12,45.4166666666667,12.4333333333333
40820,"ITTRS",2019,"L","N",17,18,17,NA,1,NA,1,NA,NA,"Y","Y",12,45.65,13.7666666666667
40860,"SIKOP",2019,"S","N",12,17,12,1,1,NA,1,NA,"Y","Y","Y",12,45.55,13.7333333333333
41010,"HRRJK",2019,"L",NA,17,23,6,1,1,1,1,NA,"Y","Y","Y",12,45.3333333333333,14.4333333333333
41410,"HRPLE",2019,"V","Y",9,23,3,NA,1,1,1,NA,"Y","Y",NA,37,43.05,17.4333333333333
41640,"MEBAR",2019,"S","N",17,23,9,1,1,1,0,NA,"Y","Y","Y",12,42.0833333333333,19.0833333333333
42230,"GRPIR",2019,"L",NA,23,23,15,1,1,1,1,NA,"Y","Y","Y",12,37.9333333333333,23.65
42530,"GRSKG",2019,"M",NA,NA,20,11,1,1,1,1,"Y","Y","Y","Y",12,40.6333333333333,22.9333333333333
43334,"TRALI",2019,"V",NA,NA,7,NA,1,NA,NA,1,"Y","Y","Y","Y",12,38.8333333333333,26.9333333333333
43340,"TRGEM",2019,"V","Y",NA,23,6,NA,1,NA,0,"Y","Y","Y",NA,37,40.4166666666667,29.1166666666667
43390,"TRTEK",2019,"V",NA,NA,11,9,1,1,NA,0,NA,"Y","Y","Y",12,40.9833333333333,27.5166666666667
43510,"BGVAR",2019,"L","Y",9,15,4,1,1,1,1,"Y",NA,"Y","Y",12,43.1833333333333,27.9666666666667
43560,"ROCND",2019,"M","Y",20,23,6,1,1,1,1,NA,"Y","Y","Y",12,44.1666666666667,28.65
44450,"TRSSX",2019,"L",NA,11,23,4,1,1,NA,1,NA,NA,"Y","Y",12,41.3,36.35
44620,"TRIZT",2019,"S","Y",4,15,4,NA,NA,NA,1,NA,NA,NA,NA,0,40.7666666666667,29.9166666666667
44750,"TRIZM",2019,"L",NA,9,14,7,1,1,1,1,"Y","Y","Y","Y",12,38.4333333333333,27.1333333333333
44820,"TRAYT",2019,"S",NA,6,20,4,1,1,NA,0,NA,NA,"Y","Y",12,36.8333333333333,30.6166666666667
44860,"TRMER",2019,"M","Y",11,3,3,1,1,NA,1,NA,NA,"Y","Y",12,36.8,34.6333333333333
44880,"TRISK",2019,"V",NA,11,4,12,1,1,1,1,NA,"Y","Y","Y",12,36.6,36.1666666666667
44950,"CYLMS",2019,"S",NA,14,23,14,1,1,1,0,NA,NA,"Y",NA,37,34.6666666666667,33.05
11450,"GPPTP",2018,"M","N",11,11,11,NA,1,NA,0,NA,"Y","Y","Y",12,16.2333333333333,-61.5333333333333
11550,"MQFDF",2018,"M","N",9,9,12,NA,1,NA,0,NA,NA,"Y","Y",12,14.6,-61.0666666666667
22920,"NOMJF",2018,"V","Y",4,9,4,1,1,0,1,"N","N","Y","Y",12,65.8333333333333,13.2
23550,"NOKRS",2018,"S","Y",4,14,4,1,1,NA,1,NA,"Y","Y","Y",12,58.15,8
23810,"NOOSL",2018,"L",NA,11,17,4,1,1,1,1,"Y","Y","Y","Y",12,59.9166666666667,10.75
23830,"NOMSS",2018,"S","Y",11,20,7,1,1,1,1,NA,"Y","Y",NA,37,59.45,10.6666666666667
23840,"NOFRK",2018,"S","Y",4,7,3,1,1,NA,1,NA,"Y","Y","Y",12,59.2,10.95
24020,"SEGOT",2018,"L","Y",7,23,4,1,1,1,1,"Y","Y","Y","Y",12,57.7,11.9666666666667
24050,"SEHAD",2018,"S","Y",11,7,6,1,1,NA,1,"Y",NA,"Y","Y",12,56.6666666666667,12.8666666666667
24120,"SEHEL",2018,"M","N",9,14,4,1,1,NA,1,NA,NA,"Y","Y",12,56.05,12.7
24210,"SEMMA",2018,"L","Y",7,9,4,1,1,NA,1,NA,"Y","Y",NA,37,55.6166666666667,13
25190,"SENRK",2018,"M","Y",7,18,4,1,1,NA,1,"Y",NA,"Y","Y",12,58.5833333333333,16.2
25320,"SESOE",2018,"S","Y",7,7,7,1,NA,NA,1,NA,NA,"Y","Y",12,59.1833333333333,17.65
25395,"SEVST",2018,"M","Y",4,6,3,1,1,NA,1,"Y","Y","Y","Y",12,59.6166666666667,16.55
25590,"SEGVX",2018,"S","Y",9,11,7,1,NA,NA,1,NA,NA,"Y",NA,37,60.6833333333333,17.1666666666667
27520,"FIOUL",2018,"L","Y",6,11,6,NA,1,NA,1,NA,"Y",NA,"Y",12,65.0166666666667,25.4
27740,"FIPOR",2018,"L","Y",6,20,7,1,1,NA,1,"Y","Y","Y","Y",12,61.4833333333333,21.8
27780,"FIRAU",2018,"M","Y",9,7,4,NA,1,NA,1,NA,NA,NA,"Y",12,61.1333333333333,21.5
28140,"FIHKO",2018,"S",NA,6,23,12,1,1,NA,1,NA,NA,"Y","Y",12,59.8166666666667,22.95
28190,"FIHEL",2018,"L","Y",7,11,3,1,1,1,1,"Y","Y","Y","Y",12,60.1666666666667,24.9666666666667
28480,"EETLL",2018,"L","Y",6,20,3,1,1,1,0,"Y","Y","Y","Y",12,59.45,24.7666666666667
28610,"LVRIX",2018,"L","Y",12,21,9,1,1,NA,0,NA,"Y","Y","Y",12,56.95,24.1
28660,"LTKLJ",2018,"M","Y",9,23,6,NA,1,1,1,NA,"Y","Y","Y",12,55.7166666666667,21.1166666666667
28710,"PLGDN",2018,"L","Y",6,9,6,1,1,1,1,NA,"Y","Y",NA,37,54.35,18.6666666666667
28740,"PLGDY",2018,"L",NA,14,9,6,1,1,1,1,NA,"Y","Y","Y",12,54.5333333333333,18.55
28823,"PLSZZ",2018,"M","Y",7,6,1,1,1,1,1,"Y","Y","Y","Y",12,53.4166666666667,14.55
28890,"DELBC",2018,"M","Y",7,12,7,1,1,1,1,NA,"Y","Y","Y",12,53.8833333333333,10.7
28930,"DEKEL",2018,"L","Y",11,6,4,1,1,NA,1,NA,NA,"Y","Y",12,54.3166666666667,10.1333333333333
29230,"DKCPH",2018,"L","Y",7,NA,6,1,1,NA,1,"Y","Y",NA,NA,75,55.7,12.6166666666667
30170,"DKFRC",2018,"S","Y",14,14,4,1,1,NA,1,NA,"Y","Y","Y",12,55.5666666666667,9.76666666666667
30260,"DKAAR",2018,"M","Y",11,11,7,1,1,1,1,NA,"Y","Y","Y",12,56.15,10.2166666666667
30400,"DKAAL",2018,"S","Y",9,6,9,1,NA,1,1,NA,"Y","Y","Y",12,57.05,9.93333333333333
30640,"DKEBJ",2018,"S","Y",9,11,7,NA,1,NA,1,NA,NA,"Y",NA,37,55.4666666666667,8.45
30780,"DEHAM",2018,"L","Y",9,NA,6,1,1,1,1,"Y","Y","Y","Y",12,53.55,9.93333333333333
30800,"DECUX",2018,"M",NA,14,3,6,1,NA,NA,1,NA,"Y",NA,"Y",12,53.8666666666667,8.71666666666667
30810,"DEBRV",2018,"L","Y",11,7,4,1,1,1,1,"Y","Y","Y","Y",12,53.5333333333333,8.58333333333333
30910,"DEWVN",2018,"S","Y",20,11,11,1,1,1,1,"Y",NA,"Y","Y",12,53.5333333333333,8.16666666666667
31060,"NLAMS",2018,"L","Y",12,14,9,1,1,1,1,"Y","Y","Y","Y",12,52.3666666666667,4.9
31140,"NLRTM",2018,"L","Y",11,11,6,1,1,1,1,"Y","Y","Y","Y",12,51.9,4.48333333333333
31250,"BEANR",2018,"L","Y",11,20,11,1,1,1,0,"Y","Y","Y","Y",12,51.2166666666667,4.4
31270,"BEGNE",2018,"M","Y",11,14,11,1,1,NA,1,NA,NA,"Y","Y",12,51.0666666666667,3.73333333333333
31280,"BEZEE",2018,"M","N",9,7,14,NA,1,NA,1,NA,NA,"Y","Y",12,51.3333333333333,3.2
31470,"GBLON",2018,"L","Y",7,14,3,1,1,1,1,"Y","Y","Y","Y",12,51.5,-0.0833333333333333
31560,"GBFXT",2018,"V",NA,14,11,6,1,1,NA,1,NA,NA,"Y","Y",12,51.95,1.31666666666667
31650,"GBIMM",2018,"M","Y",7,4,12,1,1,NA,1,"N","Y","Y","Y",12,53.6333333333333,-0.2
31660,"GBHUL",2018,"M","Y",4,4,9,1,1,1,0,"Y",NA,"Y","Y",12,53.75,-0.283333333333333
31670,"GBGOO",2018,"S","Y",3,NA,4,1,1,1,1,NA,"Y","Y","Y",12,53.7,-0.833333333333333
32220,"GBABD",2018,"M","Y",4,9,9,1,1,NA,0,"Y","Y","Y","Y",12,57.15,-2.08333333333333
33680,"GBWPT",2018,"V",NA,4,6,NA,1,1,NA,1,NA,NA,"Y",NA,37,54.1,-6.25
33770,"GBBEL",2018,"L",NA,7,9,9,1,1,1,1,NA,NA,"Y","Y",12,54.6166666666667,-5.9
34025,"IEDRO",2018,"V","Y",4,1,11,NA,1,NA,1,"Y","Y","Y","Y",12,53.7166666666667,-6.3
34360,"IEORK",2018,"M","Y",4,17,11,1,1,NA,1,NA,NA,"Y",NA,37,51.85,-8.26666666666667
34400,"IEWAT",2018,"V","Y",4,7,7,1,1,1,0,NA,NA,"Y","Y",12,52.2666666666667,-7.11666666666667
34690,"GBLIV",2018,"L","Y",6,6,12,1,1,1,1,NA,"Y","Y","Y",12,53.4166666666667,-3
35010,"GBCDF",2018,"M","Y",0,9,11,1,1,1,1,NA,NA,"Y","Y",12,51.45,-3.16666666666667
35070,"GBBRS",2018,"M","Y",6,6,14,1,1,NA,1,NA,"Y","Y","Y",12,51.4666666666667,-2.63333333333333
35580,"GBSOU",2018,"L",NA,12,21,14,1,1,1,1,"Y","Y",NA,"Y",12,50.9,-1.4
35732,"FRDKK",2018,"M","Y",20,20,21,1,1,NA,0,NA,"Y",NA,NA,75,51.0666666666667,2.35
35840,"FRLEH",2018,"L","Y",14,6,15,1,1,1,1,"Y","Y","Y","Y",12,49.4833333333333,0.116666666666667
36460,"FRBES",2018,"L","Y",12,21,12,1,1,NA,1,NA,"Y","Y","Y",12,48.3833333333333,-4.5
36900,"FRNTE",2018,"M","Y",7,18,4,1,1,1,1,NA,"Y","Y","Y",12,47.2,-1.56666666666667
37400,"ESBIO",2018,"M",NA,6,23,20,1,1,1,0,"Y","Y","Y","Y",12,43.35,-3.05
37470,"ESSDR",2018,"M","N",11,21,12,1,1,NA,1,NA,NA,"Y","Y",12,43.4666666666667,-3.78333333333333
37560,"ESGIJ",2018,"S",NA,18,6,20,1,1,1,1,NA,"Y","Y","Y",12,43.55,-5.66666666666667
37830,"ESVIL",2018,"V",NA,20,4,11,NA,1,NA,1,NA,NA,NA,"Y",12,42.6,-8.76666666666667
37860,"ESMPG",2018,"S",NA,23,23,11,1,1,1,1,NA,"Y","Y","Y",12,42.4,-8.7
37900,"ESVGO",2018,"M","N",23,23,17,1,1,NA,1,"Y","Y","Y","Y",12,42.2333333333333,-8.71666666666667
37950,"PTLEI",2018,"V","Y",14,20,11,1,1,NA,1,NA,"Y","Y","Y",12,41.1833333333333,-8.7
37990,"PTLIS",2018,"L","Y",14,15,17,1,1,NA,0,NA,"Y","Y",NA,37,38.7,-9.16666666666667
38000,"PTSET",2018,"S",NA,11,6,14,1,1,NA,1,NA,NA,"Y","Y",12,38.5166666666667,-8.9
38005,"PTSIE",2018,"M",NA,NA,23,14,1,1,NA,1,NA,"Y","Y",NA,37,37.95,-8.86666666666667
38095,"PTPRV",2018,"V",NA,17,23,12,1,NA,NA,0,NA,NA,"Y","Y",12,38.7166666666667,-27.05
38100,"PTPDL",2018,"S",NA,7,12,11,NA,1,NA,1,NA,NA,"Y","Y",12,37.7333333333333,-25.6666666666667
38130,"PTFNC",2018,"L",NA,12,12,11,NA,1,NA,0,NA,NA,"Y","Y",12,32.6333333333333,-16.9166666666667
38160,"ESSCT",2018,"M",NA,11,23,18,NA,1,NA,1,NA,NA,NA,"Y",12,28.4666666666667,-16.2333333333333
38170,"ESLPA",2018,"L","N",11,23,21,1,1,1,1,"Y","Y","Y","Y",12,28.15,-15.4166666666667
38220,"ESHUV",2018,"M",NA,12,20,12,1,1,NA,1,"Y","Y","Y","Y",12,37.25,-6.95
38270,"ESSVQ",2018,"M","Y",7,NA,6,1,1,NA,0,NA,NA,"Y","Y",12,37.3666666666667,-6
38290,"ESCAD",2018,"M","Y",12,14,14,1,1,NA,1,NA,"Y","Y","Y",12,36.5333333333333,-6.3
38310,"ESALG",2018,"S","Y",6,23,23,1,1,NA,1,NA,"Y","Y","Y",12,36.1333333333333,-5.43333333333333
38370,"ESAGP",2018,"M","N",12,23,17,1,1,NA,1,NA,NA,"Y","Y",12,36.7166666666667,-4.41666666666667
38430,"ESCAR",2018,"S",NA,11,23,12,1,1,1,1,NA,NA,"Y","Y",12,37.5833333333333,-0.983333333333333
38440,"ESALC",2018,"M",NA,14,11,14,1,1,1,1,NA,NA,"Y","Y",12,38.3333333333333,-0.483333333333333
38480,"ESVLC",2018,"M",NA,15,17,17,1,1,1,1,NA,NA,"Y","Y",12,39.45,-0.316666666666667
38540,"ESTAR",2018,"L",NA,20,23,20,1,1,1,1,"Y","Y","Y","Y",12,41.1,1.23333333333333
38550,"ESBCN",2018,"L",NA,9,23,15,1,1,NA,1,NA,"Y","Y",NA,37,41.35,2.16666666666667
38630,"ESPMI",2018,"M",NA,9,14,18,1,1,1,1,NA,NA,"Y","Y",12,39.5666666666667,2.63333333333333
38810,"FRMRS",2018,"S","Y",12,11,15,1,1,1,1,"Y","Y","Y","Y",12,43.3166666666667,5.36666666666667
39210,"ITCAG",2018,"S",NA,14,12,7,1,1,NA,1,NA,NA,"Y","Y",12,39.2166666666667,9.11666666666667
39440,"ITSVN",2018,"S","Y",9,15,7,1,1,NA,1,"Y","Y","Y","Y",12,44.3166666666667,8.5
39470,"ITGOA",2018,"L","Y",15,7,14,1,1,1,1,"Y","Y","Y","Y",12,44.4,8.93333333333333
39520,"ITSPE",2018,"M",NA,14,15,14,1,1,NA,1,"Y","Y","Y","Y",12,44.1,9.83333333333333
39550,"ITMDC",2018,"V","N",12,6,9,NA,1,NA,1,NA,"Y","Y","Y",12,44.0333333333333,10.0333333333333
39590,"ITLIV",2018,"S","N",12,7,4,1,1,1,1,"Y","Y",NA,NA,75,43.55,10.3166666666667
39810,"ITCVV",2018,"M",NA,12,15,9,1,1,1,0,NA,NA,"Y","Y",12,42.1,11.7833333333333
39960,"ITNAP",2018,"L","Y",14,20,9,1,1,1,1,"Y","Y","Y","Y",12,40.85,14.2666666666667
40040,"ITSAL",2018,"S",NA,9,17,11,1,1,NA,1,"Y","Y","Y","Y",12,40.6666666666667,14.75
40115,"ITGIT",2018,"S",NA,17,18,15,1,1,NA,1,NA,"Y",NA,NA,75,38.4166666666667,15.9
40270,"ITCTA",2018,"S",NA,11,23,9,1,1,NA,1,NA,"Y","Y",NA,37,37.5,15.1
40340,"MTMAR",2018,"S",NA,14,23,15,NA,1,NA,0,NA,NA,"Y",NA,37,35.8166666666667,14.55
40470,"ITTAR",2018,"L","Y",14,11,15,1,1,1,1,"Y","Y","Y",NA,37,40.4666666666667,17.2
40530,"ITBRI",2018,"M",NA,11,9,11,NA,1,1,1,NA,NA,NA,"Y",12,41.1333333333333,16.8666666666667
40660,"ITAOI",2018,"S",NA,11,11,7,1,1,1,1,NA,"Y","Y","Y",12,43.6166666666667,13.5
40760,"ITVCE",2018,"L",NA,11,12,7,1,1,1,0,"Y","Y","Y","Y",12,45.4166666666667,12.4333333333333
40820,"ITTRS",2018,"L","N",17,18,17,NA,1,NA,1,NA,NA,"Y","Y",12,45.65,13.7666666666667
40860,"SIKOP",2018,"S","N",12,17,12,1,1,NA,1,NA,"Y","Y","Y",12,45.55,13.7333333333333
41010,"HRRJK",2018,"L",NA,17,23,6,1,1,1,1,NA,"Y","Y","Y",12,45.3333333333333,14.4333333333333
41410,"HRPLE",2018,"V","Y",9,23,3,NA,1,1,1,NA,"Y","Y",NA,37,43.05,17.4333333333333
41640,"MEBAR",2018,"S","N",17,23,9,1,1,1,0,NA,"Y","Y","Y",12,42.0833333333333,19.0833333333333
42230,"GRPIR",2018,"L",NA,23,23,15,1,1,1,1,NA,"Y","Y","Y",12,37.9333333333333,23.65
42530,"GRSKG",2018,"M",NA,NA,20,11,1,1,1,1,"Y","Y","Y","Y",12,40.6333333333333,22.9333333333333
43334,"TRALI",2018,"V",NA,NA,7,NA,1,NA,NA,1,"Y","Y","Y","Y",12,38.8333333333333,26.9333333333333
43340,"TRGEM",2018,"V","Y",NA,23,6,NA,1,NA,0,"Y","Y","Y",NA,37,40.4166666666667,29.1166666666667
43390,"TRTEK",2018,"V",NA,NA,11,9,1,1,NA,0,NA,"Y","Y","Y",12,40.9833333333333,27.5166666666667
43510,"BGVAR",2018,"L","Y",9,15,4,1,1,1,1,"Y",NA,"Y","Y",12,43.1833333333333,27.9666666666667
43560,"ROCND",2018,"M","Y",20,23,6,1,1,1,1,NA,"Y","Y","Y",12,44.1666666666667,28.65
44450,"TRSSX",2018,"L",NA,11,23,4,1,1,NA,1,NA,NA,"Y","Y",12,41.3,36.35
44620,"TRIZT",2018,"S","Y",4,15,4,NA,NA,NA,1,NA,NA,NA,NA,0,40.7666666666667,29.9166666666667
44750,"TRIZM",2018,"L",NA,9,14,7,1,1,1,1,"Y","Y","Y","Y",12,38.4333333333333,27.1333333333333
44820,"TRAYT",2018,"S",NA,6,20,4,1,1,NA,0,NA,NA,"Y","Y",12,36.8333333333333,30.6166666666667
44860,"TRMER",2018,"M","Y",11,3,3,1,1,NA,1,NA,NA,"Y","Y",12,36.8,34.6333333333333
44880,"TRISK",2018,"V",NA,11,4,12,1,1,1,1,NA,"Y","Y","Y",12,36.6,36.1666666666667
44950,"CYLMS",2018,"S",NA,14,23,14,1,1,1,0,NA,NA,"Y",NA,37,34.6666666666667,33.05
11450,"GPPTP",2017,"M","N",11,11,11,NA,1,NA,0,NA,"Y","Y","Y",12,16.2333333333333,-61.5333333333333
11550,"MQFDF",2017,"M","N",9,9,12,NA,1,NA,0,NA,NA,"Y","Y",12,14.6,-61.0666666666667
22920,"NOMJF",2017,"V","Y",4,9,4,1,1,0,1,"N","N","Y","Y",12,65.8333333333333,13.2
23550,"NOKRS",2017,"S","Y",4,14,4,1,1,NA,1,NA,"Y","Y","Y",12,58.15,8
23810,"NOOSL",2017,"L",NA,11,17,4,1,1,1,1,"Y","Y","Y","Y",12,59.9166666666667,10.75
23830,"NOMSS",2017,"S","Y",11,20,7,1,1,1,1,NA,"Y","Y",NA,37,59.45,10.6666666666667
23840,"NOFRK",2017,"S","Y",4,7,3,1,1,NA,1,NA,"Y","Y","Y",12,59.2,10.95
24020,"SEGOT",2017,"L","Y",7,23,4,1,1,1,1,"Y","Y","Y","Y",12,57.7,11.9666666666667
24050,"SEHAD",2017,"S","Y",11,7,6,1,1,NA,1,"Y",NA,"Y","Y",12,56.6666666666667,12.8666666666667
24120,"SEHEL",2017,"M","N",9,14,4,1,1,NA,1,NA,NA,"Y","Y",12,56.05,12.7
24210,"SEMMA",2017,"L","Y",7,9,4,1,1,NA,1,NA,"Y","Y",NA,37,55.6166666666667,13
25190,"SENRK",2017,"M","Y",7,18,4,1,1,NA,1,"Y",NA,"Y","Y",12,58.5833333333333,16.2
25320,"SESOE",2017,"S","Y",7,7,7,1,NA,NA,1,NA,NA,"Y","Y",12,59.1833333333333,17.65
25395,"SEVST",2017,"M","Y",4,6,3,1,1,NA,1,"Y","Y","Y","Y",12,59.6166666666667,16.55
25590,"SEGVX",2017,"S","Y",9,11,7,1,NA,NA,1,NA,NA,"Y",NA,37,60.6833333333333,17.1666666666667
27520,"FIOUL",2017,"L","Y",6,11,6,NA,1,NA,1,NA,"Y",NA,"Y",12,65.0166666666667,25.4
27740,"FIPOR",2017,"L","Y",6,20,7,1,1,NA,1,"Y","Y","Y","Y",12,61.4833333333333,21.8
27780,"FIRAU",2017,"M","Y",9,7,4,NA,1,NA,1,NA,NA,NA,"Y",12,61.1333333333333,21.5
28140,"FIHKO",2017,"S",NA,6,23,12,1,1,NA,1,NA,NA,"Y","Y",12,59.8166666666667,22.95
28190,"FIHEL",2017,"L","Y",7,11,3,1,1,1,1,"Y","Y","Y","Y",12,60.1666666666667,24.9666666666667
28480,"EETLL",2017,"L","Y",6,20,3,1,1,1,0,"Y","Y","Y","Y",12,59.45,24.7666666666667
28610,"LVRIX",2017,"L","Y",12,21,9,1,1,NA,0,NA,"Y","Y","Y",12,56.95,24.1
28660,"LTKLJ",2017,"M","Y",9,23,6,NA,1,1,1,NA,"Y","Y","Y",12,55.7166666666667,21.1166666666667
28710,"PLGDN",2017,"L","Y",6,9,6,1,1,1,1,NA,"Y","Y",NA,37,54.35,18.6666666666667
28740,"PLGDY",2017,"L",NA,14,9,6,1,1,1,1,NA,"Y","Y","Y",12,54.5333333333333,18.55
28823,"PLSZZ",2017,"M","Y",7,6,1,1,1,1,1,"Y","Y","Y","Y",12,53.4166666666667,14.55
28890,"DELBC",2017,"M","Y",7,12,7,1,1,1,1,NA,"Y","Y","Y",12,53.8833333333333,10.7
28930,"DEKEL",2017,"L","Y",11,6,4,1,1,NA,1,NA,NA,"Y","Y",12,54.3166666666667,10.1333333333333
29230,"DKCPH",2017,"L","Y",7,NA,6,1,1,NA,1,"Y","Y",NA,NA,75,55.7,12.6166666666667
30170,"DKFRC",2017,"S","Y",14,14,4,1,1,NA,1,NA,"Y","Y","Y",12,55.5666666666667,9.76666666666667
30260,"DKAAR",2017,"M","Y",11,11,7,1,1,1,1,NA,"Y","Y","Y",12,56.15,10.2166666666667
30400,"DKAAL",2017,"S","Y",9,6,9,1,NA,1,1,NA,"Y","Y","Y",12,57.05,9.93333333333333
30640,"DKEBJ",2017,"S","Y",9,11,7,NA,1,NA,1,NA,NA,"Y",NA,37,55.4666666666667,8.45
30780,"DEHAM",2017,"L","Y",9,NA,6,1,1,1,1,"Y","Y","Y","Y",12,53.55,9.93333333333333
30800,"DECUX",2017,"M",NA,14,3,6,1,NA,NA,1,NA,"Y",NA,"Y",12,53.8666666666667,8.71666666666667
30810,"DEBRV",2017,"L","Y",11,7,4,1,1,1,1,"Y","Y","Y","Y",12,53.5333333333333,8.58333333333333
30910,"DEWVN",2017,"S","Y",20,11,11,1,1,1,1,"Y",NA,"Y","Y",12,53.5333333333333,8.16666666666667
31060,"NLAMS",2017,"L","Y",12,14,9,1,1,1,1,"Y","Y","Y","Y",12,52.3666666666667,4.9
31140,"NLRTM",2017,"L","Y",11,11,6,1,1,1,1,"Y","Y","Y","Y",12,51.9,4.48333333333333
31250,"BEANR",2017,"L","Y",11,20,11,1,1,1,0,"Y","Y","Y","Y",12,51.2166666666667,4.4
31270,"BEGNE",2017,"M","Y",11,14,11,1,1,NA,1,NA,NA,"Y","Y",12,51.0666666666667,3.73333333333333
31280,"BEZEE",2017,"M","N",9,7,14,NA,1,NA,1,NA,NA,"Y","Y",12,51.3333333333333,3.2
31470,"GBLON",2017,"L","Y",7,14,3,1,1,1,1,"Y","Y","Y","Y",12,51.5,-0.0833333333333333
31560,"GBFXT",2017,"V",NA,14,11,6,1,1,NA,1,NA,NA,"Y","Y",12,51.95,1.31666666666667
31650,"GBIMM",2017,"M","Y",7,4,12,1,1,NA,1,"N","Y","Y","Y",12,53.6333333333333,-0.2
31660,"GBHUL",2017,"M","Y",4,4,9,1,1,1,0,"Y",NA,"Y","Y",12,53.75,-0.283333333333333
31670,"GBGOO",2017,"S","Y",3,NA,4,1,1,1,1,NA,"Y","Y","Y",12,53.7,-0.833333333333333
32220,"GBABD",2017,"M","Y",4,9,9,1,1,NA,0,"Y","Y","Y","Y",12,57.15,-2.08333333333333
33680,"GBWPT",2017,"V",NA,4,6,NA,1,1,NA,1,NA,NA,"Y",NA,37,54.1,-6.25
33770,"GBBEL",2017,"L",NA,7,9,9,1,1,1,1,NA,NA,"Y","Y",12,54.6166666666667,-5.9
34025,"IEDRO",2017,"V","Y",4,1,11,NA,1,NA,1,"Y","Y","Y","Y",12,53.7166666666667,-6.3
34360,"IEORK",2017,"M","Y",4,17,11,1,1,NA,1,NA,NA,"Y",NA,37,51.85,-8.26666666666667
34400,"IEWAT",2017,"V","Y",4,7,7,1,1,1,0,NA,NA,"Y","Y",12,52.2666666666667,-7.11666666666667
34690,"GBLIV",2017,"L","Y",6,6,12,1,1,1,1,NA,"Y","Y","Y",12,53.4166666666667,-3
35010,"GBCDF",2017,"M","Y",0,9,11,1,1,1,1,NA,NA,"Y","Y",12,51.45,-3.16666666666667
35070,"GBBRS",2017,"M","Y",6,6,14,1,1,NA,1,NA,"Y","Y","Y",12,51.4666666666667,-2.63333333333333
35580,"GBSOU",2017,"L",NA,12,21,14,1,1,1,1,"Y","Y",NA,"Y",12,50.9,-1.4
35732,"FRDKK",2017,"M","Y",20,20,21,1,1,NA,0,NA,"Y",NA,NA,75,51.0666666666667,2.35
35840,"FRLEH",2017,"L","Y",14,6,15,1,1,1,1,"Y","Y","Y","Y",12,49.4833333333333,0.116666666666667
36460,"FRBES",2017,"L","Y",12,21,12,1,1,NA,1,NA,"Y","Y","Y",12,48.3833333333333,-4.5
36900,"FRNTE",2017,"M","Y",7,18,4,1,1,1,1,NA,"Y","Y","Y",12,47.2,-1.56666666666667
37400,"ESBIO",2017,"M",NA,6,23,20,1,1,1,0,"Y","Y","Y","Y",12,43.35,-3.05
37470,"ESSDR",2017,"M","N",11,21,12,1,1,NA,1,NA,NA,"Y","Y",12,43.4666666666667,-3.78333333333333
37560,"ESGIJ",2017,"S",NA,18,6,20,1,1,1,1,NA,"Y","Y","Y",12,43.55,-5.66666666666667
37830,"ESVIL",2017,"V",NA,20,4,11,NA,1,NA,1,NA,NA,NA,"Y",12,42.6,-8.76666666666667
37860,"ESMPG",2017,"S",NA,23,23,11,1,1,1,1,NA,"Y","Y","Y",12,42.4,-8.7
37900,"ESVGO",2017,"M","N",23,23,17,1,1,NA,1,"Y","Y","Y","Y",12,42.2333333333333,-8.71666666666667
37950,"PTLEI",2017,"V","Y",14,20,11,1,1,NA,1,NA,"Y","Y","Y",12,41.1833333333333,-8.7
37990,"PTLIS",2017,"L","Y",14,15,17,1,1,NA,0,NA,"Y","Y",NA,37,38.7,-9.16666666666667
38000,"PTSET",2017,"S",NA,11,6,14,1,1,NA,1,NA,NA,"Y","Y",12,38.5166666666667,-8.9
38005,"PTSIE",2017,"M",NA,NA,23,14,1,1,NA,1,NA,"Y","Y",NA,37,37.95,-8.86666666666667
38095,"PTPRV",2017,"V",NA,17,23,12,1,NA,NA,0,NA,NA,"Y","Y",12,38.7166666666667,-27.05
38100,"PTPDL",2017,"S",NA,7,12,11,NA,1,NA,1,NA,NA,"Y","Y",12,37.7333333333333,-25.6666666666667
38130,"PTFNC",2017,"L",NA,12,12,11,NA,1,NA,0,NA,NA,"Y","Y",12,32.6333333333333,-16.9166666666667
38160,"ESSCT",2017,"M",NA,11,23,18,NA,1,NA,1,NA,NA,NA,"Y",12,28.4666666666667,-16.2333333333333
38170,"ESLPA",2017,"L","N",11,23,21,1,1,1,1,"Y","Y","Y","Y",12,28.15,-15.4166666666667
38220,"ESHUV",2017,"M",NA,12,20,12,1,1,NA,1,"Y","Y","Y","Y",12,37.25,-6.95
38270,"ESSVQ",2017,"M","Y",7,NA,6,1,1,NA,0,NA,NA,"Y","Y",12,37.3666666666667,-6
38290,"ESCAD",2017,"M","Y",12,14,14,1,1,NA,1,NA,"Y","Y","Y",12,36.5333333333333,-6.3
38310,"ESALG",2017,"S","Y",6,23,23,1,1,NA,1,NA,"Y","Y","Y",12,36.1333333333333,-5.43333333333333
38370,"ESAGP",2017,"M","N",12,23,17,1,1,NA,1,NA,NA,"Y","Y",12,36.7166666666667,-4.41666666666667
38430,"ESCAR",2017,"S",NA,11,23,12,1,1,1,1,NA,NA,"Y","Y",12,37.5833333333333,-0.983333333333333
38440,"ESALC",2017,"M",NA,14,11,14,1,1,1,1,NA,NA,"Y","Y",12,38.3333333333333,-0.483333333333333
38480,"ESVLC",2017,"M",NA,15,17,17,1,1,1,1,NA,NA,"Y","Y",12,39.45,-0.316666666666667
38540,"ESTAR",2017,"L",NA,20,23,20,1,1,1,1,"Y","Y","Y","Y",12,41.1,1.23333333333333
38550,"ESBCN",2017,"L",NA,9,23,15,1,1,NA,1,NA,"Y","Y",NA,37,41.35,2.16666666666667
38630,"ESPMI",2017,"M",NA,9,14,18,1,1,1,1,NA,NA,"Y","Y",12,39.5666666666667,2.63333333333333
38810,"FRMRS",2017,"S","Y",12,11,15,1,1,1,1,"Y","Y","Y","Y",12,43.3166666666667,5.36666666666667
39210,"ITCAG",2017,"S",NA,14,12,7,1,1,NA,1,NA,NA,"Y","Y",12,39.2166666666667,9.11666666666667
39440,"ITSVN",2017,"S","Y",9,15,7,1,1,NA,1,"Y","Y","Y","Y",12,44.3166666666667,8.5
39470,"ITGOA",2017,"L","Y",15,7,14,1,1,1,1,"Y","Y","Y","Y",12,44.4,8.93333333333333
39520,"ITSPE",2017,"M",NA,14,15,14,1,1,NA,1,"Y","Y","Y","Y",12,44.1,9.83333333333333
39550,"ITMDC",2017,"V","N",12,6,9,NA,1,NA,1,NA,"Y","Y","Y",12,44.0333333333333,10.0333333333333
39590,"ITLIV",2017,"S","N",12,7,4,1,1,1,1,"Y","Y",NA,NA,75,43.55,10.3166666666667
39810,"ITCVV",2017,"M",NA,12,15,9,1,1,1,0,NA,NA,"Y","Y",12,42.1,11.7833333333333
39960,"ITNAP",2017,"L","Y",14,20,9,1,1,1,1,"Y","Y","Y","Y",12,40.85,14.2666666666667
40040,"ITSAL",2017,"S",NA,9,17,11,1,1,NA,1,"Y","Y","Y","Y",12,40.6666666666667,14.75
40115,"ITGIT",2017,"S",NA,17,18,15,1,1,NA,1,NA,"Y",NA,NA,75,38.4166666666667,15.9
40270,"ITCTA",2017,"S",NA,11,23,9,1,1,NA,1,NA,"Y","Y",NA,37,37.5,15.1
40340,"MTMAR",2017,"S",NA,14,23,15,NA,1,NA,0,NA,NA,"Y",NA,37,35.8166666666667,14.55
40470,"ITTAR",2017,"L","Y",14,11,15,1,1,1,1,"Y","Y","Y",NA,37,40.4666666666667,17.2
40530,"ITBRI",2017,"M",NA,11,9,11,NA,1,1,1,NA,NA,NA,"Y",12,41.1333333333333,16.8666666666667
40660,"ITAOI",2017,"S",NA,11,11,7,1,1,1,1,NA,"Y","Y","Y",12,43.6166666666667,13.5
40760,"ITVCE",2017,"L",NA,11,12,7,1,1,1,0,"Y","Y","Y","Y",12,45.4166666666667,12.4333333333333
40820,"ITTRS",2017,"L","N",17,18,17,NA,1,NA,1,NA,NA,"Y","Y",12,45.65,13.7666666666667
40860,"SIKOP",2017,"S","N",12,17,12,1,1,NA,1,NA,"Y","Y","Y",12,45.55,13.7333333333333
41010,"HRRJK",2017,"L",NA,17,23,6,1,1,1,1,NA,"Y","Y","Y",12,45.3333333333333,14.4333333333333
41410,"HRPLE",2017,"V","Y",9,23,3,NA,1,1,1,NA,"Y","Y",NA,37,43.05,17.4333333333333
41640,"MEBAR",2017,"S","N",17,23,9,1,1,1,0,NA,"Y","Y","Y",12,42.0833333333333,19.0833333333333
42230,"GRPIR",2017,"L",NA,23,23,15,1,1,1,1,NA,"Y","Y","Y",12,37.9333333333333,23.65
42530,"GRSKG",2017,"M",NA,NA,20,11,1,1,1,1,"Y","Y","Y","Y",12,40.6333333333333,22.9333333333333
43334,"TRALI",2017,"V",NA,NA,7,NA,1,NA,NA,1,"Y","Y","Y","Y",12,38.8333333333333,26.9333333333333
43340,"TRGEM",2017,"V","Y",NA,23,6,NA,1,NA,0,"Y","Y","Y",NA,37,40.4166666666667,29.1166666666667
43390,"TRTEK",2017,"V",NA,NA,11,9,1,1,NA,0,NA,"Y","Y","Y",12,40.9833333333333,27.5166666666667
43510,"BGVAR",2017,"L","Y",9,15,4,1,1,1,1,"Y",NA,"Y","Y",12,43.1833333333333,27.9666666666667
43560,"ROCND",2017,"M","Y",20,23,6,1,1,1,1,NA,"Y","Y","Y",12,44.1666666666667,28.65
44450,"TRSSX",2017,"L",NA,11,23,4,1,1,NA,1,NA,NA,"Y","Y",12,41.3,36.35
44620,"TRIZT",2017,"S","Y",4,15,4,NA,NA,NA,1,NA,NA,NA,NA,0,40.7666666666667,29.9166666666667
44750,"TRIZM",2017,"L",NA,9,14,7,1,1,1,1,"Y","Y","Y","Y",12,38.4333333333333,27.1333333333333
44820,"TRAYT",2017,"S",NA,6,20,4,1,1,NA,0,NA,NA,"Y","Y",12,36.8333333333333,30.6166666666667
44860,"TRMER",2017,"M","Y",11,3,3,1,1,NA,1,NA,NA,"Y","Y",12,36.8,34.6333333333333
44880,"TRISK",2017,"V",NA,11,4,12,1,1,1,1,NA,"Y","Y","Y",12,36.6,36.1666666666667
44950,"CYLMS",2017,"S",NA,14,23,14,1,1,1,0,NA,NA,"Y",NA,37,34.6666666666667,33.05
11450,"GPPTP",2014,"M","N",11,11,11,NA,1,NA,0,NA,"Y","Y","Y",12,16.2333333333333,-61.5333333333333
11550,"MQFDF",2014,"M","N",9,9,12,NA,1,NA,0,NA,NA,"Y","Y",12,14.6,-61.0666666666667
22920,"NOMJF",2014,"V","Y",4,9,4,1,1,0,1,"N","N","Y","Y",12,65.8333333333333,13.2
23550,"NOKRS",2014,"S","Y",4,14,4,1,1,NA,1,NA,"Y","Y","Y",12,58.15,8
23810,"NOOSL",2014,"L",NA,11,17,4,1,1,1,1,"Y","Y","Y","Y",12,59.9166666666667,10.75
23830,"NOMSS",2014,"S","Y",11,20,7,1,1,1,1,NA,"Y","Y",NA,37,59.45,10.6666666666667
23840,"NOFRK",2014,"S","Y",4,7,3,1,1,NA,1,NA,"Y","Y","Y",12,59.2,10.95
24020,"SEGOT",2014,"L","Y",7,23,4,1,1,1,1,"Y","Y","Y","Y",12,57.7,11.9666666666667
24050,"SEHAD",2014,"S","Y",11,7,6,1,1,NA,1,"Y",NA,"Y","Y",12,56.6666666666667,12.8666666666667
24120,"SEHEL",2014,"M","N",9,14,4,1,1,NA,1,NA,NA,"Y","Y",12,56.05,12.7
24210,"SEMMA",2014,"L","Y",7,9,4,1,1,NA,1,NA,"Y","Y",NA,37,55.6166666666667,13
25190,"SENRK",2014,"M","Y",7,18,4,1,1,NA,1,"Y",NA,"Y","Y",12,58.5833333333333,16.2
25320,"SESOE",2014,"S","Y",7,7,7,1,NA,NA,1,NA,NA,"Y","Y",12,59.1833333333333,17.65
25395,"SEVST",2014,"M","Y",4,6,3,1,1,NA,1,"Y","Y","Y","Y",12,59.6166666666667,16.55
25590,"SEGVX",2014,"S","Y",9,11,7,1,NA,NA,1,NA,NA,"Y",NA,37,60.6833333333333,17.1666666666667
27520,"FIOUL",2014,"L","Y",6,11,6,NA,1,NA,1,NA,"Y",NA,"Y",12,65.0166666666667,25.4
27740,"FIPOR",2014,"L","Y",6,20,7,1,1,NA,1,"Y","Y","Y","Y",12,61.4833333333333,21.8
27780,"FIRAU",2014,"M","Y",9,7,4,NA,1,NA,1,NA,NA,NA,"Y",12,61.1333333333333,21.5
28140,"FIHKO",2014,"S",NA,6,23,12,1,1,NA,1,NA,NA,"Y","Y",12,59.8166666666667,22.95
28190,"FIHEL",2014,"L","Y",7,11,3,1,1,1,1,"Y","Y","Y","Y",12,60.1666666666667,24.9666666666667
28480,"EETLL",2014,"L","Y",6,20,3,1,1,1,0,"Y","Y","Y","Y",12,59.45,24.7666666666667
28610,"LVRIX",2014,"L","Y",12,21,9,1,1,NA,0,NA,"Y","Y","Y",12,56.95,24.1
28660,"LTKLJ",2014,"M","Y",9,23,6,NA,1,1,1,NA,"Y","Y","Y",12,55.7166666666667,21.1166666666667
28710,"PLGDN",2014,"L","Y",6,9,6,1,1,1,1,NA,"Y","Y",NA,37,54.35,18.6666666666667
28740,"PLGDY",2014,"L",NA,14,9,6,1,1,1,1,NA,"Y","Y","Y",12,54.5333333333333,18.55
28823,"PLSZZ",2014,"M","Y",7,6,1,1,1,1,1,"Y","Y","Y","Y",12,53.4166666666667,14.55
28890,"DELBC",2014,"M","Y",7,12,7,1,1,1,1,NA,"Y","Y","Y",12,53.8833333333333,10.7
28930,"DEKEL",2014,"L","Y",11,6,4,1,1,NA,1,NA,NA,"Y","Y",12,54.3166666666667,10.1333333333333
29230,"DKCPH",2014,"L","Y",7,NA,6,1,1,NA,1,"Y","Y",NA,NA,75,55.7,12.6166666666667
30170,"DKFRC",2014,"S","Y",14,14,4,1,1,NA,1,NA,"Y","Y","Y",12,55.5666666666667,9.76666666666667
30260,"DKAAR",2014,"M","Y",11,11,7,1,1,1,1,NA,"Y","Y","Y",12,56.15,10.2166666666667
30400,"DKAAL",2014,"S","Y",9,6,9,1,NA,1,1,NA,"Y","Y","Y",12,57.05,9.93333333333333
30640,"DKEBJ",2014,"S","Y",9,11,7,NA,1,NA,1,NA,NA,"Y",NA,37,55.4666666666667,8.45
30780,"DEHAM",2014,"L","Y",9,NA,6,1,1,1,1,"Y","Y","Y","Y",12,53.55,9.93333333333333
30800,"DECUX",2014,"M",NA,14,3,6,1,NA,NA,1,NA,"Y",NA,"Y",12,53.8666666666667,8.71666666666667
30810,"DEBRV",2014,"L","Y",11,7,4,1,1,1,1,"Y","Y","Y","Y",12,53.5333333333333,8.58333333333333
30910,"DEWVN",2014,"S","Y",20,11,11,1,1,1,1,"Y",NA,"Y","Y",12,53.5333333333333,8.16666666666667
31060,"NLAMS",2014,"L","Y",12,14,9,1,1,1,1,"Y","Y","Y","Y",12,52.3666666666667,4.9
31140,"NLRTM",2014,"L","Y",11,11,6,1,1,1,1,"Y","Y","Y","Y",12,51.9,4.48333333333333
31250,"BEANR",2014,"L","Y",11,20,11,1,1,1,0,"Y","Y","Y","Y",12,51.2166666666667,4.4
31270,"BEGNE",2014,"M","Y",11,14,11,1,1,NA,1,NA,NA,"Y","Y",12,51.0666666666667,3.73333333333333
31280,"BEZEE",2014,"M","N",9,7,14,NA,1,NA,1,NA,NA,"Y","Y",12,51.3333333333333,3.2
31470,"GBLON",2014,"L","Y",7,14,3,1,1,1,1,"Y","Y","Y","Y",12,51.5,-0.0833333333333333
31560,"GBFXT",2014,"V",NA,14,11,6,1,1,NA,1,NA,NA,"Y","Y",12,51.95,1.31666666666667
31650,"GBIMM",2014,"M","Y",7,4,12,1,1,NA,1,"N","Y","Y","Y",12,53.6333333333333,-0.2
31660,"GBHUL",2014,"M","Y",4,4,9,1,1,1,0,"Y",NA,"Y","Y",12,53.75,-0.283333333333333
31670,"GBGOO",2014,"S","Y",3,NA,4,1,1,1,1,NA,"Y","Y","Y",12,53.7,-0.833333333333333
32220,"GBABD",2014,"M","Y",4,9,9,1,1,NA,0,"Y","Y","Y","Y",12,57.15,-2.08333333333333
33680,"GBWPT",2014,"V",NA,4,6,NA,1,1,NA,1,NA,NA,"Y",NA,37,54.1,-6.25
33770,"GBBEL",2014,"L",NA,7,9,9,1,1,1,1,NA,NA,"Y","Y",12,54.6166666666667,-5.9
34025,"IEDRO",2014,"V","Y",4,1,11,NA,1,NA,1,"Y","Y","Y","Y",12,53.7166666666667,-6.3
34360,"IEORK",2014,"M","Y",4,17,11,1,1,NA,1,NA,NA,"Y",NA,37,51.85,-8.26666666666667
34400,"IEWAT",2014,"V","Y",4,7,7,1,1,1,0,NA,NA,"Y","Y",12,52.2666666666667,-7.11666666666667
34690,"GBLIV",2014,"L","Y",6,6,12,1,1,1,1,NA,"Y","Y","Y",12,53.4166666666667,-3
35010,"GBCDF",2014,"M","Y",0,9,11,1,1,1,1,NA,NA,"Y","Y",12,51.45,-3.16666666666667
35070,"GBBRS",2014,"M","Y",6,6,14,1,1,NA,1,NA,"Y","Y","Y",12,51.4666666666667,-2.63333333333333
35580,"GBSOU",2014,"L",NA,12,21,14,1,1,1,1,"Y","Y",NA,"Y",12,50.9,-1.4
35732,"FRDKK",2014,"M","Y",20,20,21,1,1,NA,0,NA,"Y",NA,NA,75,51.0666666666667,2.35
35840,"FRLEH",2014,"L","Y",14,6,15,1,1,1,1,"Y","Y","Y","Y",12,49.4833333333333,0.116666666666667
36460,"FRBES",2014,"L","Y",12,21,12,1,1,NA,1,NA,"Y","Y","Y",12,48.3833333333333,-4.5
36900,"FRNTE",2014,"M","Y",7,18,4,1,1,1,1,NA,"Y","Y","Y",12,47.2,-1.56666666666667
37400,"ESBIO",2014,"M",NA,6,23,20,1,1,1,0,"Y","Y","Y","Y",12,43.35,-3.05
37470,"ESSDR",2014,"M","N",11,21,12,1,1,NA,1,NA,NA,"Y","Y",12,43.4666666666667,-3.78333333333333
37560,"ESGIJ",2014,"S",NA,18,6,20,1,1,1,1,NA,"Y","Y","Y",12,43.55,-5.66666666666667
37830,"ESVIL",2014,"V",NA,20,4,11,NA,1,NA,1,NA,NA,NA,"Y",12,42.6,-8.76666666666667
37860,"ESMPG",2014,"S",NA,23,23,11,1,1,1,1,NA,"Y","Y","Y",12,42.4,-8.7
37900,"ESVGO",2014,"M","N",23,23,17,1,1,NA,1,"Y","Y","Y","Y",12,42.2333333333333,-8.71666666666667
37950,"PTLEI",2014,"V","Y",14,20,11,1,1,NA,1,NA,"Y","Y","Y",12,41.1833333333333,-8.7
37990,"PTLIS",2014,"L","Y",14,15,17,1,1,NA,0,NA,"Y","Y",NA,37,38.7,-9.16666666666667
38000,"PTSET",2014,"S",NA,11,6,14,1,1,NA,1,NA,NA,"Y","Y",12,38.5166666666667,-8.9
38005,"PTSIE",2014,"M",NA,NA,23,17,1,1,NA,1,NA,"Y","Y",NA,37,37.95,-8.86666666666667
38095,"PTPRV",2014,"V",NA,17,23,12,1,NA,NA,0,NA,NA,"Y","Y",12,38.7166666666667,-27.05
38100,"PTPDL",2014,"S",NA,7,12,11,NA,1,NA,1,NA,NA,"Y","Y",12,37.7333333333333,-25.6666666666667
38130,"PTFNC",2014,"L",NA,12,12,11,NA,1,NA,0,NA,NA,"Y","Y",12,32.6333333333333,-16.9166666666667
38160,"ESSCT",2014,"M",NA,11,23,18,NA,1,NA,1,NA,NA,NA,"Y",12,28.4666666666667,-16.2333333333333
38170,"ESLPA",2014,"L","N",11,23,21,1,1,1,1,"Y","Y","Y","Y",12,28.15,-15.4166666666667
38220,"ESHUV",2014,"M",NA,12,20,12,1,1,NA,1,"Y","Y","Y","Y",12,37.25,-6.95
38270,"ESSVQ",2014,"M","Y",7,NA,6,1,1,NA,0,NA,NA,"Y","Y",12,37.3666666666667,-6
38290,"ESCAD",2014,"M","Y",12,14,14,1,1,NA,1,NA,"Y","Y","Y",12,36.5333333333333,-6.3
38310,"ESALG",2014,"S","Y",6,23,23,1,1,NA,1,NA,"Y","Y","Y",12,36.1333333333333,-5.43333333333333
38370,"ESAGP",2014,"M","N",12,23,17,1,1,NA,1,NA,NA,"Y","Y",12,36.7166666666667,-4.41666666666667
38430,"ESCAR",2014,"S",NA,11,23,12,1,1,1,1,NA,NA,"Y","Y",12,37.5833333333333,-0.983333333333333
38440,"ESALC",2014,"M",NA,14,11,14,1,1,1,1,NA,NA,"Y","Y",12,38.3333333333333,-0.483333333333333
38480,"ESVLC",2014,"M",NA,15,17,17,1,1,1,1,NA,NA,"Y","Y",12,39.45,-0.316666666666667
38540,"ESTAR",2014,"L",NA,20,23,20,1,1,1,1,"Y","Y","Y","Y",12,41.1,1.23333333333333
38550,"ESBCN",2014,"L",NA,9,23,15,1,1,NA,1,NA,"Y","Y",NA,37,41.35,2.16666666666667
38630,"ESPMI",2014,"M",NA,9,14,18,1,1,1,1,NA,NA,"Y","Y",12,39.5666666666667,2.63333333333333
38810,"FRMRS",2014,"S","Y",12,11,15,1,1,1,1,"Y","Y","Y","Y",12,43.3166666666667,5.36666666666667
39210,"ITCAG",2014,"S",NA,14,12,7,1,1,NA,1,NA,NA,"Y","Y",12,39.2166666666667,9.11666666666667
39440,"ITSVN",2014,"S","Y",9,15,7,1,1,NA,1,"Y","Y","Y","Y",12,44.3166666666667,8.5
39470,"ITGOA",2014,"L","Y",15,7,14,1,1,1,1,"Y","Y","Y","Y",12,44.4,8.93333333333333
39520,"ITSPE",2014,"M",NA,14,15,14,1,1,NA,1,"Y","Y","Y","Y",12,44.1,9.83333333333333
39550,"ITMDC",2014,"V","N",12,6,9,NA,1,NA,1,NA,"Y","Y","Y",12,44.0333333333333,10.0333333333333
39590,"ITLIV",2014,"S","N",12,7,4,1,1,1,1,"Y","Y",NA,NA,75,43.55,10.3166666666667
39810,"ITCVV",2014,"M",NA,12,15,9,1,1,1,0,NA,NA,"Y","Y",12,42.1,11.7833333333333
39960,"ITNAP",2014,"L","Y",14,20,9,1,1,1,1,"Y","Y","Y","Y",12,40.85,14.2666666666667
40040,"ITSAL",2014,"S",NA,9,17,11,1,1,NA,1,"Y","Y","Y","Y",12,40.6666666666667,14.75
40115,"ITGIT",2014,"S",NA,17,18,15,1,1,NA,1,NA,"Y",NA,NA,75,38.4166666666667,15.9
40270,"ITCTA",2014,"S",NA,11,23,9,1,1,NA,1,NA,"Y","Y",NA,37,37.5,15.1
40340,"MTMAR",2014,"S",NA,14,23,15,NA,1,NA,0,NA,NA,"Y",NA,37,35.8166666666667,14.55
40470,"ITTAR",2014,"L","Y",14,11,15,1,1,1,1,"Y","Y","Y",NA,37,40.4666666666667,17.2
40530,"ITBRI",2014,"M",NA,11,9,11,NA,1,1,1,NA,NA,NA,"Y",12,41.1333333333333,16.8666666666667
40660,"ITAOI",2014,"S",NA,11,11,7,1,1,1,1,NA,"Y","Y","Y",12,43.6166666666667,13.5
40760,"ITVCE",2014,"L",NA,11,12,7,1,1,1,0,"Y","Y","Y","Y",12,45.4166666666667,12.4333333333333
40820,"ITTRS",2014,"L","N",17,18,17,NA,1,NA,1,NA,NA,"Y","Y",12,45.65,13.7666666666667
40860,"SIKOP",2014,"S","N",12,17,12,1,1,NA,1,NA,"Y","Y","Y",12,45.55,13.7333333333333
41010,"HRRJK",2014,"L",NA,17,23,6,1,1,1,1,NA,"Y","Y","Y",12,45.3333333333333,14.4333333333333
41410,"HRPLE",2014,"V","Y",9,23,3,NA,1,1,1,NA,"Y","Y",NA,37,43.05,17.4333333333333
41640,"MEBAR",2014,"S","N",17,23,9,1,1,1,0,NA,"Y","Y","Y",12,42.0833333333333,19.0833333333333
42230,"GRPIR",2014,"L",NA,23,23,15,1,1,1,1,NA,"Y","Y","Y",12,37.9333333333333,23.65
42530,"GRSKG",2014,"M",NA,NA,20,11,1,1,1,1,"Y","Y","Y","Y",12,40.6333333333333,22.9333333333333
43334,"TRALI",2014,"V",NA,NA,7,NA,1,NA,NA,1,"Y","Y","Y","Y",12,38.8333333333333,26.9333333333333
43340,"TRGEM",2014,"V","Y",NA,23,6,NA,1,NA,0,"Y","Y","Y",NA,37,40.4166666666667,29.1166666666667
43390,"TRTEK",2014,"V",NA,NA,11,9,1,1,NA,0,NA,"Y","Y","Y",12,40.9833333333333,27.5166666666667
43510,"BGVAR",2014,"L","Y",9,15,4,1,1,1,1,"Y",NA,"Y","Y",12,43.1833333333333,27.9666666666667
43560,"ROCND",2014,"M","Y",20,23,6,1,1,1,1,NA,"Y","Y","Y",12,44.1666666666667,28.65
44450,"TRSSX",2014,"L",NA,11,23,4,1,1,NA,1,NA,NA,"Y","Y",12,41.3,36.35
44620,"TRIZT",2014,"S","Y",4,15,4,NA,NA,NA,1,NA,NA,NA,NA,0,40.7666666666667,29.9166666666667
44750,"TRIZM",2014,"L",NA,9,14,7,1,1,1,1,"Y","Y","Y","Y",12,38.4333333333333,27.1333333333333
44820,"TRAYT",2014,"S",NA,6,20,4,1,1,NA,0,NA,NA,"Y","Y",12,36.8333333333333,30.6166666666667
44860,"TRMER",2014,"M","Y",11,3,3,1,1,NA,1,NA,NA,"Y","Y",12,36.8,34.6333333333333
44880,"TRISK",2014,"V",NA,11,4,12,1,1,1,1,NA,"Y","Y","Y",12,36.6,36.1666666666667
44950,"CYLMS",2014,"S",NA,14,23,14,1,1,1,0,NA,NA,"Y",NA,37,34.6666666666667,33.05
11450,"GPPTP",2013,"M","N",11,11,11,NA,1,NA,0,NA,"Y","Y","Y",12,16.2333333333333,-61.5333333333333
11550,"MQFDF",2013,"M","N",9,9,12,NA,1,NA,0,NA,NA,"Y","Y",12,14.6,-61.0666666666667
22920,"NOMJF",2013,"V","Y",4,9,4,1,1,0,1,"N","N","Y","Y",12,65.8333333333333,13.2
23550,"NOKRS",2013,"S","Y",4,14,4,1,1,NA,1,NA,"Y","Y","Y",12,58.15,8
23810,"NOOSL",2013,"L",NA,11,17,4,1,1,1,1,"Y","Y","Y","Y",12,59.9166666666667,10.75
23830,"NOMSS",2013,"S","Y",11,20,7,1,1,1,1,NA,"Y","Y",NA,37,59.45,10.6666666666667
23840,"NOFRK",2013,"S","Y",4,7,3,1,1,NA,1,NA,"Y","Y","Y",12,59.2,10.95
24020,"SEGOT",2013,"L","Y",7,23,4,1,1,1,1,"Y","Y","Y","Y",12,57.7,11.9666666666667
24050,"SEHAD",2013,"S","Y",11,7,6,1,1,NA,1,"Y",NA,"Y","Y",12,56.6666666666667,12.8666666666667
24120,"SEHEL",2013,"M","N",9,14,4,1,1,NA,1,NA,NA,"Y","Y",12,56.05,12.7
24210,"SEMMA",2013,"L","Y",7,9,4,1,1,NA,1,NA,"Y","Y",NA,37,55.6166666666667,13
25190,"SENRK",2013,"M","Y",7,18,4,1,1,NA,1,"Y",NA,"Y","Y",12,58.5833333333333,16.2
25320,"SESOE",2013,"S","Y",7,7,7,1,NA,NA,1,NA,NA,"Y","Y",12,59.1833333333333,17.65
25395,"SEVST",2013,"M","Y",4,6,3,1,1,NA,1,"Y","Y","Y","Y",12,59.6166666666667,16.55
25590,"SEGVX",2013,"S","Y",9,11,7,1,NA,NA,1,NA,NA,"Y",NA,37,60.6833333333333,17.1666666666667
27520,"FIOUL",2013,"L","Y",6,11,6,NA,1,NA,1,NA,"Y",NA,"Y",12,65.0166666666667,25.4
27740,"FIPOR",2013,"L","Y",6,20,7,1,1,NA,1,"Y","Y","Y","Y",12,61.4833333333333,21.8
27780,"FIRAU",2013,"M","Y",9,7,4,NA,1,NA,1,NA,NA,NA,"Y",12,61.1333333333333,21.5
28140,"FIHKO",2013,"S",NA,6,23,12,1,1,NA,1,NA,NA,"Y","Y",12,59.8166666666667,22.95
28190,"FIHEL",2013,"L","Y",7,11,3,1,1,1,1,"Y","Y","Y","Y",12,60.1666666666667,24.9666666666667
28480,"EETLL",2013,"L","Y",6,20,3,1,1,1,0,"Y","Y","Y","Y",12,59.45,24.7666666666667
28610,"LVRIX",2013,"L","Y",12,21,9,1,1,NA,0,NA,"Y","Y","Y",12,56.95,24.1
28660,"LTKLJ",2013,"M","Y",9,23,6,NA,1,1,1,NA,"Y","Y","Y",12,55.7166666666667,21.1166666666667
28710,"PLGDN",2013,"L","Y",6,9,6,1,1,1,1,NA,"Y","Y",NA,37,54.35,18.6666666666667
28740,"PLGDY",2013,"L",NA,14,9,6,1,1,1,1,NA,"Y","Y","Y",12,54.5333333333333,18.55
28823,"PLSZZ",2013,"M","Y",7,6,1,1,1,1,1,"Y","Y","Y","Y",12,53.4166666666667,14.55
28890,"DELBC",2013,"M","Y",7,12,7,1,1,1,1,NA,"Y","Y","Y",12,53.8833333333333,10.7
28930,"DEKEL",2013,"L","Y",11,6,4,1,1,NA,1,NA,NA,"Y","Y",12,54.3166666666667,10.1333333333333
29230,"DKCPH",2013,"L","Y",7,NA,6,1,1,NA,1,"Y","Y",NA,NA,75,55.7,12.6166666666667
30170,"DKFRC",2013,"S","Y",14,14,4,1,1,NA,1,NA,"Y","Y","Y",12,55.5666666666667,9.76666666666667
30260,"DKAAR",2013,"M","Y",11,11,7,1,1,1,1,NA,"Y","Y","Y",12,56.15,10.2166666666667
30400,"DKAAL",2013,"S","Y",9,6,9,1,NA,1,1,NA,"Y","Y","Y",12,57.05,9.93333333333333
30640,"DKEBJ",2013,"S","Y",9,11,7,NA,1,NA,1,NA,NA,"Y",NA,37,55.4666666666667,8.45
30780,"DEHAM",2013,"L","Y",9,NA,6,1,1,1,1,"Y","Y","Y","Y",12,53.55,9.93333333333333
30800,"DECUX",2013,"M",NA,14,3,6,1,NA,NA,1,NA,"Y",NA,"Y",12,53.8666666666667,8.71666666666667
30810,"DEBRV",2013,"L","Y",11,7,4,1,1,1,1,"Y","Y","Y","Y",12,53.5333333333333,8.58333333333333
30910,"DEWVN",2013,"S","Y",20,11,11,1,1,1,1,"Y",NA,"Y","Y",12,53.5333333333333,8.16666666666667
31060,"NLAMS",2013,"L","Y",12,14,9,1,1,1,1,"Y","Y","Y","Y",12,52.3666666666667,4.9
31140,"NLRTM",2013,"L","Y",11,11,6,1,1,1,1,"Y","Y","Y","Y",12,51.9,4.48333333333333
31250,"BEANR",2013,"L","Y",11,20,11,1,1,1,0,"Y","Y","Y","Y",12,51.2166666666667,4.4
31270,"BEGNE",2013,"M","Y",11,14,11,1,1,NA,1,NA,NA,"Y","Y",12,51.0666666666667,3.73333333333333
31280,"BEZEE",2013,"M","N",9,7,14,NA,1,NA,1,NA,NA,"Y","Y",12,51.3333333333333,3.2
31470,"GBLON",2013,"L","Y",7,14,3,1,1,1,1,"Y","Y","Y","Y",12,51.5,-0.0833333333333333
31560,"GBFXT",2013,"V",NA,14,11,6,1,1,NA,1,NA,NA,"Y","Y",12,51.95,1.31666666666667
31650,"GBIMM",2013,"M","Y",7,4,12,1,1,NA,1,"N","Y","Y","Y",12,53.6333333333333,-0.2
31660,"GBHUL",2013,"M","Y",4,4,9,1,1,1,0,"Y",NA,"Y","Y",12,53.75,-0.283333333333333
31670,"GBGOO",2013,"S","Y",3,NA,4,1,1,1,1,NA,"Y","Y","Y",12,53.7,-0.833333333333333
32220,"GBABD",2013,"M","Y",4,9,9,1,1,NA,0,"Y","Y","Y","Y",12,57.15,-2.08333333333333
33680,"GBWPT",2013,"V",NA,4,6,NA,1,1,NA,1,NA,NA,"Y",NA,37,54.1,-6.25
33770,"GBBEL",2013,"L",NA,7,9,9,1,1,1,1,NA,NA,"Y","Y",12,54.6166666666667,-5.9
34025,"IEDRO",2013,"V","Y",4,1,11,NA,1,NA,1,"Y","Y","Y","Y",12,53.7166666666667,-6.3
34360,"IEORK",2013,"M","Y",4,17,11,1,1,NA,1,NA,NA,"Y",NA,37,51.85,-8.26666666666667
34400,"IEWAT",2013,"V","Y",4,7,7,1,1,1,0,NA,NA,"Y","Y",12,52.2666666666667,-7.11666666666667
34690,"GBLIV",2013,"L","Y",6,6,12,1,1,1,1,NA,"Y","Y","Y",12,53.4166666666667,-3
35010,"GBCDF",2013,"M","Y",0,9,11,1,1,1,1,NA,NA,"Y","Y",12,51.45,-3.16666666666667
35070,"GBBRS",2013,"M","Y",6,6,14,1,1,NA,1,NA,"Y","Y","Y",12,51.4666666666667,-2.63333333333333
35580,"GBSOU",2013,"L",NA,12,21,14,1,1,1,1,"Y","Y",NA,"Y",12,50.9,-1.4
35732,"FRDKK",2013,"M","Y",20,20,21,1,1,NA,0,NA,"Y",NA,NA,75,51.0666666666667,2.35
35840,"FRLEH",2013,"L","Y",14,6,15,1,1,1,1,"Y","Y","Y","Y",12,49.4833333333333,0.116666666666667
36460,"FRBES",2013,"L","Y",12,21,12,1,1,NA,1,NA,"Y","Y","Y",12,48.3833333333333,-4.5
36900,"FRNTE",2013,"M","Y",7,18,4,1,1,1,1,NA,"Y","Y","Y",12,47.2,-1.56666666666667
37400,"ESBIO",2013,"M",NA,6,23,20,1,1,1,0,"Y","Y","Y","Y",12,43.35,-3.05
37470,"ESSDR",2013,"M","N",11,21,12,1,1,NA,1,NA,NA,"Y","Y",12,43.4666666666667,-3.78333333333333
37560,"ESGIJ",2013,"S",NA,18,6,20,1,1,1,1,NA,"Y","Y","Y",12,43.55,-5.66666666666667
37830,"ESVIL",2013,"V",NA,20,4,11,NA,1,NA,1,NA,NA,NA,"Y",12,42.6,-8.76666666666667
37860,"ESMPG",2013,"S",NA,23,23,11,1,1,1,1,NA,"Y","Y","Y",12,42.4,-8.7
37900,"ESVGO",2013,"M","N",23,23,17,1,1,NA,1,"Y","Y","Y","Y",12,42.2333333333333,-8.71666666666667
37950,"PTLEI",2013,"V","Y",14,20,11,1,1,NA,1,NA,"Y","Y","Y",12,41.1833333333333,-8.7
37990,"PTLIS",2013,"L","Y",14,15,17,1,1,NA,0,NA,"Y","Y",NA,37,38.7,-9.16666666666667
38000,"PTSET",2013,"S",NA,11,6,14,1,1,NA,1,NA,NA,"Y","Y",12,38.5166666666667,-8.9
38005,"PTSIE",2013,"M",NA,NA,23,17,1,1,NA,1,NA,"Y","Y",NA,37,37.95,-8.86666666666667
38095,"PTPRV",2013,"V",NA,17,23,12,1,NA,NA,0,NA,NA,"Y","Y",12,38.7166666666667,-27.05
38100,"PTPDL",2013,"S",NA,7,12,11,NA,1,NA,1,NA,NA,"Y","Y",12,37.7333333333333,-25.6666666666667
38130,"PTFNC",2013,"L",NA,12,12,11,NA,1,NA,0,NA,NA,"Y","Y",12,32.6333333333333,-16.9166666666667
38160,"ESSCT",2013,"M",NA,11,23,18,NA,1,NA,1,NA,NA,NA,"Y",12,28.4666666666667,-16.2333333333333
38170,"ESLPA",2013,"L","N",11,23,21,1,1,1,1,"Y","Y","Y","Y",12,28.15,-15.4166666666667
38220,"ESHUV",2013,"M",NA,12,20,12,1,1,NA,1,"Y","Y","Y","Y",12,37.25,-6.95
38270,"ESSVQ",2013,"M","Y",7,NA,6,1,1,NA,0,NA,NA,"Y","Y",12,37.3666666666667,-6
38290,"ESCAD",2013,"M","Y",12,14,14,1,1,NA,1,NA,"Y","Y","Y",12,36.5333333333333,-6.3
38310,"ESALG",2013,"S","Y",6,23,23,1,1,NA,1,NA,"Y","Y","Y",12,36.1333333333333,-5.43333333333333
38370,"ESAGP",2013,"M","N",12,23,17,1,1,NA,1,NA,NA,"Y","Y",12,36.7166666666667,-4.41666666666667
38430,"ESCAR",2013,"S",NA,11,23,12,1,1,1,1,NA,NA,"Y","Y",12,37.5833333333333,-0.983333333333333
38440,"ESALC",2013,"M",NA,14,11,14,1,1,1,1,NA,NA,"Y","Y",12,38.3333333333333,-0.483333333333333
38480,"ESVLC",2013,"M",NA,15,17,17,1,1,1,1,NA,NA,"Y","Y",12,39.45,-0.316666666666667
38540,"ESTAR",2013,"L",NA,20,23,20,1,1,1,1,"Y","Y","Y","Y",12,41.1,1.23333333333333
38550,"ESBCN",2013,"L",NA,9,23,15,1,1,NA,1,NA,"Y","Y",NA,37,41.35,2.16666666666667
38630,"ESPMI",2013,"M",NA,9,14,18,1,1,1,1,NA,NA,"Y","Y",12,39.5666666666667,2.63333333333333
38810,"FRMRS",2013,"S","Y",12,11,15,1,1,1,1,"Y","Y","Y","Y",12,43.3166666666667,5.36666666666667
39210,"ITCAG",2013,"S",NA,14,12,7,1,1,NA,1,NA,NA,"Y","Y",12,39.2166666666667,9.11666666666667
39440,"ITSVN",2013,"S","Y",9,15,7,1,1,NA,1,"Y","Y","Y","Y",12,44.3166666666667,8.5
39470,"ITGOA",2013,"L","Y",15,7,14,1,1,1,1,"Y","Y","Y","Y",12,44.4,8.93333333333333
39520,"ITSPE",2013,"M",NA,14,15,14,1,1,NA,1,"Y","Y","Y","Y",12,44.1,9.83333333333333
39550,"ITMDC",2013,"V","N",12,6,9,NA,1,NA,1,NA,"Y","Y","Y",12,44.0333333333333,10.0333333333333
39590,"ITLIV",2013,"S","N",12,7,4,1,1,1,1,"Y","Y",NA,NA,75,43.55,10.3166666666667
39810,"ITCVV",2013,"M",NA,12,15,9,1,1,1,0,NA,NA,"Y","Y",12,42.1,11.7833333333333
39960,"ITNAP",2013,"L","Y",14,20,9,1,1,1,1,"Y","Y","Y","Y",12,40.85,14.2666666666667
40040,"ITSAL",2013,"S",NA,9,17,11,1,1,NA,1,"Y","Y","Y","Y",12,40.6666666666667,14.75
40115,"ITGIT",2013,"S",NA,17,18,15,1,1,NA,1,NA,"Y",NA,NA,75,38.4166666666667,15.9
40270,"ITCTA",2013,"S",NA,11,23,9,1,1,NA,1,NA,"Y","Y",NA,37,37.5,15.1
40340,"MTMAR",2013,"S",NA,14,23,15,NA,1,NA,0,NA,NA,"Y",NA,37,35.8166666666667,14.55
40470,"ITTAR",2013,"L","Y",14,11,15,1,1,1,1,"Y","Y","Y",NA,37,40.4666666666667,17.2
40530,"ITBRI",2013,"M",NA,11,9,11,NA,1,1,1,NA,NA,NA,"Y",12,41.1333333333333,16.8666666666667
40660,"ITAOI",2013,"S",NA,11,11,7,1,1,1,1,NA,"Y","Y","Y",12,43.6166666666667,13.5
40760,"ITVCE",2013,"L",NA,11,12,7,1,1,1,0,"Y","Y","Y","Y",12,45.4166666666667,12.4333333333333
40820,"ITTRS",2013,"L","N",17,18,17,NA,1,NA,1,NA,NA,"Y","Y",12,45.65,13.7666666666667
40860,"SIKOP",2013,"S","N",12,17,12,1,1,NA,1,NA,"Y","Y","Y",12,45.55,13.7333333333333
41010,"HRRJK",2013,"L",NA,17,23,6,1,1,1,1,NA,"Y","Y","Y",12,45.3333333333333,14.4333333333333
41410,"HRPLE",2013,"V","Y",9,23,3,NA,1,1,1,NA,"Y","Y",NA,37,43.05,17.4333333333333
41640,"MEBAR",2013,"S","N",17,23,9,1,1,1,0,NA,"Y","Y","Y",12,42.0833333333333,19.0833333333333
42230,"GRPIR",2013,"L",NA,23,23,15,1,1,1,1,NA,"Y","Y","Y",12,37.9333333333333,23.65
42530,"GRSKG",2013,"M",NA,NA,20,11,1,1,1,1,"Y","Y","Y","Y",12,40.6333333333333,22.9333333333333
43334,"TRALI",2013,"V",NA,NA,7,NA,1,NA,NA,1,"Y","Y","Y","Y",12,38.8333333333333,26.9333333333333
43340,"TRGEM",2013,"V","Y",NA,23,6,NA,1,NA,0,"Y","Y","Y",NA,37,40.4166666666667,29.1166666666667
43390,"TRTEK",2013,"V",NA,NA,11,9,1,1,NA,0,NA,"Y","Y","Y",12,40.9833333333333,27.5166666666667
43510,"BGVAR",2013,"L","Y",9,15,4,1,1,1,1,"Y",NA,"Y","Y",12,43.1833333333333,27.9666666666667
43560,"ROCND",2013,"M","Y",20,23,6,1,1,1,1,NA,"Y","Y","Y",12,44.1666666666667,28.65
44450,"TRSSX",2013,"L",NA,11,23,4,1,1,NA,1,NA,NA,"Y","Y",12,41.3,36.35
44620,"TRIZT",2013,"S","Y",4,15,4,NA,NA,NA,1,NA,NA,NA,NA,0,40.7666666666667,29.9166666666667
44750,"TRIZM",2013,"L",NA,9,14,7,1,1,1,1,"Y","Y","Y","Y",12,38.4333333333333,27.1333333333333
44820,"TRAYT",2013,"S",NA,6,20,4,1,1,NA,0,NA,NA,"Y","Y",12,36.8333333333333,30.6166666666667
44860,"TRMER",2013,"M","Y",11,3,3,1,1,NA,1,NA,NA,"Y","Y",12,36.8,34.6333333333333
44880,"TRISK",2013,"V",NA,11,4,12,1,1,1,1,NA,"Y","Y","Y",12,36.6,36.1666666666667
44950,"CYLMS",2013,"S",NA,14,23,14,1,1,1,0,NA,NA,"Y",NA,37,34.6666666666667,33.05
11450,"GPPTP",2010,"M","N",11,11,11,NA,1,NA,0,NA,"Y","Y","Y",12,16.2333333333333,-61.5333333333333
11550,"MQFDF",2010,"M","N",9,9,12,NA,1,NA,0,NA,NA,"Y","Y",12,14.6,-61.0666666666667
22920,"NOMJF",2010,"V","Y",4,9,4,1,1,0,1,"N","N","Y","Y",12,65.8333333333333,13.2
23550,"NOKRS",2010,"S","Y",4,14,4,1,1,NA,1,NA,"Y","Y","Y",12,58.15,8
23810,"NOOSL",2010,"L",NA,11,17,4,1,1,1,1,"Y","Y","Y","Y",12,59.9166666666667,10.75
23830,"NOMSS",2010,"S","Y",11,20,7,1,1,1,1,NA,"Y","Y",NA,37,59.45,10.6666666666667
23840,"NOFRK",2010,"S","Y",4,7,3,1,1,NA,1,NA,"Y","Y","Y",12,59.2,10.95
24020,"SEGOT",2010,"L","Y",7,23,4,1,1,1,1,"Y","Y","Y","Y",12,57.7,11.9666666666667
24050,"SEHAD",2010,"S","Y",11,7,6,1,1,NA,1,"Y",NA,"Y","Y",12,56.6666666666667,12.8666666666667
24120,"SEHEL",2010,"M","N",9,14,4,1,1,NA,1,NA,NA,"Y","Y",12,56.05,12.7
24210,"SEMMA",2010,"L","Y",7,9,4,1,1,NA,1,NA,"Y","Y",NA,37,55.6166666666667,13
25190,"SENRK",2010,"M","Y",7,18,4,1,1,NA,1,"Y",NA,"Y","Y",12,58.5833333333333,16.2
25320,"SESOE",2010,"S","Y",7,7,7,1,NA,NA,1,NA,NA,"Y","Y",12,59.1833333333333,17.65
25395,"SEVST",2010,"M","Y",4,6,3,1,1,NA,1,"Y","Y","Y","Y",12,59.6166666666667,16.55
25590,"SEGVX",2010,"S","Y",9,11,7,1,NA,NA,1,NA,NA,"Y",NA,37,60.6833333333333,17.1666666666667
27520,"FIOUL",2010,"L","Y",6,11,6,NA,1,NA,1,NA,"Y",NA,"Y",12,65.0166666666667,25.4
27740,"FIPOR",2010,"L","Y",6,20,7,1,1,NA,1,"Y","Y","Y","Y",12,61.4833333333333,21.8
27780,"FIRAU",2010,"M","Y",9,7,4,NA,1,NA,1,NA,NA,NA,"Y",12,61.1333333333333,21.5
28140,"FIHKO",2010,"S",NA,6,23,12,1,1,NA,1,NA,NA,"Y","Y",12,59.8166666666667,22.95
28190,"FIHEL",2010,"L","Y",7,11,3,1,1,1,1,"Y","Y","Y","Y",12,60.1666666666667,24.9666666666667
28480,"EETLL",2010,"L","Y",6,20,3,1,1,1,0,"Y","Y","Y","Y",12,59.45,24.7666666666667
28610,"LVRIX",2010,"L","Y",12,21,9,1,1,NA,0,NA,"Y","Y","Y",12,56.95,24.1
28660,"LTKLJ",2010,"M","Y",9,23,6,NA,1,1,1,NA,"Y","Y","Y",12,55.7166666666667,21.1166666666667
28710,"PLGDN",2010,"L","Y",6,9,6,1,1,1,1,NA,"Y","Y",NA,37,54.35,18.6666666666667
28740,"PLGDY",2010,"L",NA,14,9,6,1,1,1,1,NA,"Y","Y","Y",12,54.5333333333333,18.55
28823,"PLSZZ",2010,"M","Y",7,6,1,1,1,1,1,"Y","Y","Y","Y",12,53.4166666666667,14.55
28890,"DELBC",2010,"M","Y",7,12,7,1,1,1,1,NA,"Y","Y","Y",12,53.8833333333333,10.7
28930,"DEKEL",2010,"L","Y",11,6,4,1,1,NA,1,NA,NA,"Y","Y",12,54.3166666666667,10.1333333333333
29230,"DKCPH",2010,"L","Y",6,NA,6,1,1,NA,1,"Y","Y",NA,NA,75,55.7,12.6166666666667
30170,"DKFRC",2010,"S","Y",14,14,4,1,1,NA,1,NA,"Y","Y","Y",12,55.5666666666667,9.76666666666667
30260,"DKAAR",2010,"M","Y",11,11,7,1,1,1,1,NA,"Y","Y","Y",12,56.15,10.2166666666667
30400,"DKAAL",2010,"S","Y",9,6,9,1,NA,1,1,NA,"Y","Y","Y",12,57.05,9.93333333333333
30640,"DKEBJ",2010,"S","Y",9,11,7,NA,1,NA,1,NA,NA,"Y",NA,37,55.4666666666667,8.45
30780,"DEHAM",2010,"L","Y",9,NA,6,1,1,1,1,"Y","Y","Y","Y",12,53.55,9.93333333333333
30800,"DECUX",2010,"M",NA,14,3,6,1,NA,NA,1,NA,"Y",NA,"Y",12,53.8666666666667,8.71666666666667
30810,"DEBRV",2010,"L","Y",11,7,4,1,1,1,1,"Y","Y","Y","Y",12,53.5333333333333,8.58333333333333
30910,"DEWVN",2010,"S","Y",20,11,11,1,1,1,1,"Y",NA,"Y","Y",12,53.5333333333333,8.16666666666667
31060,"NLAMS",2010,"L","Y",12,14,9,1,1,1,1,"Y","Y","Y","Y",12,52.3666666666667,4.9
31140,"NLRTM",2010,"L","Y",11,11,6,1,1,1,1,"Y","Y","Y","Y",12,51.9,4.48333333333333
31250,"BEANR",2010,"L","Y",11,20,11,1,1,1,0,"Y","Y","Y","Y",12,51.2166666666667,4.4
31270,"BEGNE",2010,"M","Y",11,14,11,1,1,NA,1,NA,NA,"Y","Y",12,51.0666666666667,3.73333333333333
31280,"BEZEE",2010,"M","N",9,7,14,NA,1,NA,1,NA,NA,"Y","Y",12,51.3333333333333,3.2
31470,"GBLON",2010,"L","Y",7,14,3,1,1,1,1,"Y","Y","Y","Y",12,51.5,-0.0833333333333333
31560,"GBFXT",2010,"V",NA,14,11,6,1,1,NA,1,NA,NA,"Y","Y",12,51.95,1.31666666666667
31650,"GBIMM",2010,"M","Y",7,4,12,1,1,NA,1,"N","Y","Y","Y",12,53.6333333333333,-0.2
31660,"GBHUL",2010,"M","Y",4,4,9,1,1,1,0,"Y",NA,"Y","Y",12,53.75,-0.283333333333333
31670,"GBGOO",2010,"S","Y",3,NA,4,1,1,1,1,NA,"Y","Y","Y",12,53.7,-0.833333333333333
32220,"GBABD",2010,"M","Y",4,7,4,1,1,NA,1,"Y","Y","Y","Y",12,57.15,-2.08333333333333
33680,"GBWPT",2010,"V",NA,4,6,NA,1,1,NA,1,NA,NA,"Y",NA,37,54.1,-6.25
33770,"GBBEL",2010,"L",NA,7,9,6,1,1,1,1,NA,NA,"Y","Y",12,54.6166666666667,-5.9
34025,"IEDRO",2010,"V","Y",4,1,11,NA,1,NA,1,"Y","Y","Y","Y",12,53.7166666666667,-6.3
34360,"IEORK",2010,"M","Y",11,17,12,1,1,NA,1,NA,NA,"Y",NA,37,51.85,-8.26666666666667
34400,"IEWAT",2010,"V","Y",9,7,7,1,1,NA,0,NA,NA,"Y","Y",12,52.2666666666667,-7.11666666666667
34690,"GBLIV",2010,"L","Y",6,6,12,1,1,1,1,NA,"Y","Y","Y",12,53.4166666666667,-3
35010,"GBCDF",2010,"M","Y",0,9,11,1,1,1,1,NA,NA,"Y","Y",12,51.45,-3.16666666666667
35070,"GBBRS",2010,"M","Y",6,6,14,1,1,NA,1,NA,"Y","Y","Y",12,51.4666666666667,-2.63333333333333
35580,"GBSOU",2010,"L",NA,12,21,14,1,1,1,1,"Y","Y",NA,"Y",12,50.9,-1.4
35732,"FRDKK",2010,"M","Y",20,20,21,1,1,NA,0,NA,"Y",NA,NA,75,51.0666666666667,2.35
35840,"FRLEH",2010,"L","Y",14,6,15,1,1,1,1,"Y","Y","Y","Y",12,49.4833333333333,0.116666666666667
36460,"FRBES",2010,"L","Y",12,21,12,1,1,NA,1,NA,"Y","Y","Y",12,48.3833333333333,-4.5
36900,"FRNTE",2010,"M","Y",7,18,4,1,1,1,1,NA,"Y","Y","Y",12,47.2,-1.56666666666667
37400,"ESBIO",2010,"M",NA,6,23,20,1,1,1,0,"Y","Y","Y","Y",12,43.35,-3.05
37470,"ESSDR",2010,"M","N",11,21,12,1,1,NA,1,NA,NA,"Y","Y",12,43.4666666666667,-3.78333333333333
37560,"ESGIJ",2010,"S",NA,18,6,20,1,1,1,1,NA,"Y","Y","Y",12,43.55,-5.66666666666667
37830,"ESVIL",2010,"V",NA,20,4,11,NA,1,NA,1,NA,NA,NA,"Y",12,42.6,-8.76666666666667
37860,"ESMPG",2010,"S",NA,23,23,11,1,1,1,1,NA,"Y","Y","Y",12,42.4,-8.7
37900,"ESVGO",2010,"M","N",23,23,17,1,1,NA,1,"Y","Y","Y","Y",12,42.2333333333333,-8.71666666666667
37950,"PTLEI",2010,"V","Y",14,20,11,1,1,NA,1,NA,"Y","Y","Y",12,41.1833333333333,-8.7
37990,"PTLIS",2010,"L","Y",14,15,17,1,1,NA,0,NA,"Y","Y",NA,37,38.7,-9.16666666666667
38000,"PTSET",2010,"S",NA,11,6,14,1,1,NA,1,NA,NA,"Y","Y",12,38.5166666666667,-8.9
38005,"PTSIE",2010,"M",NA,NA,23,17,1,1,NA,1,NA,"Y","Y",NA,37,37.95,-8.86666666666667
38095,"PTPRV",2010,"V",NA,17,23,12,1,NA,NA,0,NA,NA,"Y","Y",12,38.7166666666667,-27.05
38100,"PTPDL",2010,"S",NA,7,12,11,NA,1,NA,1,NA,NA,"Y","Y",12,37.7333333333333,-25.6666666666667
38130,"PTFNC",2010,"L",NA,12,12,11,NA,1,NA,0,NA,NA,"Y","Y",12,32.6333333333333,-16.9166666666667
38160,"ESSCT",2010,"M",NA,11,23,18,NA,1,NA,1,NA,NA,NA,"Y",12,28.4666666666667,-16.2333333333333
38170,"ESLPA",2010,"L","N",11,23,21,1,1,1,1,"Y","Y","Y","Y",12,28.15,-15.4166666666667
38220,"ESHUV",2010,"M",NA,12,20,12,1,1,NA,1,"Y","Y","Y","Y",12,37.25,-6.95
38270,"ESSVQ",2010,"M","Y",7,NA,6,1,1,NA,0,NA,NA,"Y","Y",12,37.3666666666667,-6
38290,"ESCAD",2010,"M","Y",12,14,14,1,1,NA,1,NA,"Y","Y","Y",12,36.5333333333333,-6.3
38310,"ESALG",2010,"S","Y",6,23,23,1,1,NA,1,NA,"Y","Y","Y",12,36.1333333333333,-5.43333333333333
38370,"ESAGP",2010,"M","N",12,23,17,1,1,NA,1,NA,NA,"Y","Y",12,36.7166666666667,-4.41666666666667
38430,"ESCAR",2010,"S",NA,11,23,12,1,1,1,1,NA,NA,"Y","Y",12,37.5833333333333,-0.983333333333333
38440,"ESALC",2010,"M",NA,14,11,14,1,1,1,1,NA,NA,"Y","Y",12,38.3333333333333,-0.483333333333333
38480,"ESVLC",2010,"M",NA,15,17,17,1,1,1,1,NA,NA,"Y","Y",12,39.45,-0.316666666666667
38540,"ESTAR",2010,"L",NA,20,23,20,1,1,1,1,"Y","Y","Y","Y",12,41.1,1.23333333333333
38550,"ESBCN",2010,"L",NA,9,23,15,1,1,NA,1,NA,"Y","Y",NA,37,41.35,2.16666666666667
38630,"ESPMI",2010,"M",NA,9,14,18,1,1,1,1,NA,NA,"Y","Y",12,39.5666666666667,2.63333333333333
38810,"FRMRS",2010,"S","Y",12,11,15,1,1,1,1,"Y","Y","Y","Y",12,43.3166666666667,5.36666666666667
39210,"ITCAG",2010,"S",NA,14,12,7,1,1,NA,1,NA,NA,"Y","Y",12,39.2166666666667,9.11666666666667
39440,"ITSVN",2010,"S","Y",9,15,7,1,1,NA,1,"Y","Y","Y","Y",12,44.3166666666667,8.5
39470,"ITGOA",2010,"L","Y",15,7,14,1,1,1,1,"Y","Y","Y","Y",12,44.4,8.93333333333333
39520,"ITSPE",2010,"M",NA,14,15,14,1,1,NA,1,"Y","Y","Y","Y",12,44.1,9.83333333333333
39550,"ITMDC",2010,"V","N",12,6,9,NA,1,NA,1,NA,"Y","Y","Y",12,44.0333333333333,10.0333333333333
39590,"ITLIV",2010,"S","N",12,7,4,1,1,1,1,"Y","Y",NA,NA,75,43.55,10.3166666666667
39810,"ITCVV",2010,"M",NA,12,15,9,1,1,1,0,NA,NA,"Y","Y",12,42.1,11.7833333333333
39960,"ITNAP",2010,"L","Y",14,20,9,1,1,1,1,"Y","Y","Y","Y",12,40.85,14.2666666666667
40040,"ITSAL",2010,"S",NA,9,17,11,1,1,NA,1,"Y","Y","Y","Y",12,40.6666666666667,14.75
40115,"ITGIT",2010,"S",NA,17,18,15,1,1,NA,1,NA,"Y",NA,NA,75,38.4166666666667,15.9
40270,"ITCTA",2010,"S",NA,11,23,9,1,1,NA,1,NA,"Y","Y",NA,37,37.5,15.1
40340,"MTMAR",2010,"S",NA,14,23,15,NA,1,NA,0,NA,NA,"Y",NA,37,35.8166666666667,14.55
40470,"ITTAR",2010,"L","Y",14,11,15,1,1,1,1,"Y","Y","Y",NA,37,40.4666666666667,17.2
40530,"ITBRI",2010,"M",NA,11,9,11,NA,1,1,1,NA,NA,NA,"Y",12,41.1333333333333,16.8666666666667
40660,"ITAOI",2010,"S",NA,11,11,7,1,1,1,1,NA,"Y","Y","Y",12,43.6166666666667,13.5
40760,"ITVCE",2010,"L",NA,11,12,7,1,1,1,0,"Y","Y","Y","Y",12,45.4166666666667,12.4333333333333
40820,"ITTRS",2010,"L","N",17,18,17,NA,1,NA,1,NA,NA,"Y","Y",12,45.65,13.7666666666667
40860,"SIKOP",2010,"S","N",12,17,12,1,1,NA,1,NA,"Y","Y","Y",12,45.55,13.7333333333333
41010,"HRRJK",2010,"L",NA,17,23,6,1,1,1,1,NA,"Y","Y","Y",12,45.3333333333333,14.4333333333333
41410,"HRPLE",2010,"V","Y",9,23,3,NA,1,1,1,NA,"Y","Y",NA,37,43.05,17.4333333333333
41640,"MEBAR",2010,"S","N",17,23,9,1,1,1,0,NA,"Y","Y","Y",12,42.0833333333333,19.0833333333333
42230,"GRPIR",2010,"L",NA,23,23,15,1,1,1,1,NA,"Y","Y","Y",12,37.9333333333333,23.65
42530,"GRSKG",2010,"M",NA,NA,20,11,1,1,1,1,"Y","Y","Y","Y",12,40.6333333333333,22.9333333333333
43334,"TRALI",2010,"V",NA,NA,7,NA,1,NA,NA,1,"Y","Y","Y","Y",12,38.8333333333333,26.9333333333333
43340,"TRGEM",2010,"V","Y",NA,23,6,NA,1,NA,0,"Y","Y","Y",NA,37,40.4166666666667,29.1166666666667
43390,"TRTEK",2010,"V",NA,NA,11,9,1,1,NA,0,NA,"Y","Y","Y",12,40.9833333333333,27.5166666666667
43510,"BGVAR",2010,"L","Y",9,15,4,1,1,1,1,"Y",NA,"Y","Y",12,43.1833333333333,27.9666666666667
43560,"ROCND",2010,"M","Y",20,23,6,1,1,1,1,NA,"Y","Y","Y",12,44.1666666666667,28.65
44450,"TRSSX",2010,"L",NA,11,23,4,1,1,NA,1,NA,NA,"Y","Y",12,41.3,36.35
44620,"TRIZT",2010,"S","Y",4,15,4,NA,NA,NA,1,NA,NA,NA,NA,0,40.7666666666667,29.9166666666667
44750,"TRIZM",2010,"L",NA,9,14,7,1,1,1,1,"Y","Y","Y","Y",12,38.4333333333333,27.1333333333333
44820,"TRAYT",2010,"S",NA,6,20,4,1,1,NA,0,NA,NA,"Y","Y",12,36.8333333333333,30.6166666666667
44860,"TRMER",2010,"M","Y",11,3,3,1,1,NA,1,NA,NA,"Y","Y",12,36.8,34.6333333333333
44880,"TRISK",2010,"V",NA,11,4,12,1,1,1,1,NA,"Y","Y","Y",12,36.6,36.1666666666667
44950,"CYLMS",2010,"S",NA,14,23,14,1,1,1,0,NA,NA,"Y",NA,37,34.6666666666667,33.05
44860,"TRMER",2009,"M","N",11,9,4,1,1,1,0,NA,"Y","Y","Y",12,36.8,34.6333333333333
44880,"TRISK",2009,"S",NA,23,12,9,1,1,1,0,NA,NA,"Y","Y",12,36.6,36.1666666666667
44950,"CYLMS",2009,"S",NA,14,12,9,1,1,1,1,"Y","Y","Y","Y",12,34.6666666666667,33.05
44820,"TRAYT",2009,"S",NA,6,23,7,1,1,NA,0,NA,NA,"Y","Y",12,36.8666666666667,30.7666666666667
44450,"TRSSX",2009,"V",NA,11,23,4,NA,1,NA,1,NA,NA,"Y","Y",12,41.3,36.35
44620,"TRIZT",2009,"V",NA,4,11,6,NA,1,NA,1,NA,NA,NA,"Y",12,40.7666666666667,29.9166666666667
44750,"TRIZM",2009,"M",NA,9,23,6,NA,NA,1,1,NA,"Y",NA,"Y",12,38.4333333333333,27.1333333333333
43390,"TRTEK",2009,"S",NA,NA,11,7,1,1,NA,0,NA,NA,"Y","Y",12,40.9833333333333,27.5166666666667
43510,"BGVAR",2009,"S","Y",9,15,4,1,1,1,1,"Y",NA,"Y","Y",12,43.1833333333333,27.9666666666667
43560,"ROCND",2009,"S",NA,6,23,6,NA,NA,1,1,"Y","Y","Y","Y",12,44.1666666666667,28.65
42530,"GRSKG",2009,"M",NA,9,9,7,1,1,1,0,"Y","Y","Y","Y",12,40.6333333333333,22.9333333333333
41640,"MEBAR",2009,"S","N",17,23,7,1,1,1,0,NA,"Y","Y","Y",12,42.0833333333333,19.0833333333333
42230,"GRPIR",2009,"L",NA,23,11,9,NA,NA,1,0,"Y","Y",NA,"Y",12,37.9333333333333,23.65
40660,"ITAOI",2009,"M",NA,11,7,7,1,1,1,1,NA,NA,"Y","Y",12,43.6166666666667,13.5
40760,"ITVCE",2009,"L",NA,11,12,7,1,1,1,0,"Y","Y","Y","Y",12,45.4166666666667,12.4333333333333
40820,"ITTRS",2009,"L",NA,17,23,11,1,1,1,1,"Y","Y","Y","Y",12,45.65,13.7666666666667
40860,"SIKOP",2009,"V","N",12,17,4,1,1,NA,1,NA,"Y","Y","Y",12,45.55,13.7333333333333
41010,"HRRJK",2009,"L",NA,17,23,4,1,1,1,1,NA,"Y","Y","Y",12,45.3333333333333,14.4333333333333
41410,"HRPLE",2009,"V","Y",9,23,3,NA,1,1,1,NA,"Y","Y","Y",12,43.05,17.4333333333333
40040,"ITSAL",2009,"V",NA,6,4,6,1,1,1,1,NA,NA,"Y",NA,37,40.6666666666667,14.75
40115,"ITGIT",2009,"S",NA,12,12,12,1,1,NA,1,NA,"Y",NA,NA,75,38.4166666666667,15.9
40270,"ITCTA",2009,"S",NA,11,20,4,1,1,1,1,NA,"Y",NA,NA,75,37.5,15.1
40340,"MTMAR",2009,"S",NA,14,23,15,NA,1,NA,0,"Y",NA,"Y",NA,37,35.8166666666667,14.55
40470,"ITTAR",2009,"M","Y",15,11,7,1,1,1,0,"Y",NA,NA,"Y",12,40.4666666666667,17.2
40530,"ITBRI",2009,"M",NA,11,9,4,NA,1,1,1,NA,NA,NA,"Y",12,41.1333333333333,16.8666666666667
39440,"ITSVN",2009,"M",NA,9,21,7,1,1,1,1,"Y","Y",NA,"Y",12,44.3166666666667,8.5
39470,"ITGOA",2009,"L","Y",17,7,4,1,1,1,1,"Y","Y","Y","Y",12,44.4,8.93333333333333
39520,"ITSPE",2009,"M",NA,12,9,11,1,1,1,1,"Y","Y","Y","Y",12,44.1,9.83333333333333
39550,"ITMDC",2009,"V","N",9,14,12,1,1,1,0,"Y","Y","Y","Y",12,44.0333333333333,10.0333333333333
39590,"ITLIV",2009,"M",NA,11,7,12,1,1,1,1,"Y",NA,"Y","Y",12,43.55,10.3166666666667
39810,"ITCVV",2009,"M",NA,12,23,4,1,1,1,0,"Y",NA,"Y","Y",12,42.1,11.7833333333333
39960,"ITNAP",2009,"L","Y",11,15,7,1,1,1,1,"Y","Y","Y","Y",12,40.85,14.2666666666667
38810,"FRMRS",2009,"L","Y",12,11,6,1,1,1,1,"Y","Y","Y","Y",12,43.3166666666667,5.36666666666667
39210,"ITCAG",2009,"S",NA,14,12,6,1,1,NA,1,NA,NA,"Y","Y",12,39.2166666666667,9.11666666666667
38630,"ESPMI",2009,"M",NA,9,12,11,1,1,1,1,NA,"Y","Y","Y",12,39.5666666666667,2.63333333333333
38160,"ESSCT",2009,"M",NA,12,23,17,NA,1,NA,1,NA,"Y",NA,"Y",12,28.4666666666667,-16.2333333333333
38170,"ESLPA",2009,"L","N",11,12,9,1,1,1,1,"Y","Y","Y","Y",12,28.15,-15.4166666666667
38220,"ESHUV",2009,"M",NA,9,15,4,1,1,1,1,"Y","Y","Y","Y",12,37.25,-6.95
38270,"ESSVQ",2009,"M","Y",4,4,6,1,1,NA,0,NA,NA,"Y","Y",12,37.3666666666667,-6
38290,"ESCAD",2009,"M","Y",11,12,9,1,NA,1,1,NA,"Y",NA,"Y",12,36.5333333333333,-6.3
38310,"ESALG",2009,"S","Y",14,23,11,1,1,NA,1,"Y","Y","Y","Y",12,36.1333333333333,-5.43333333333333
38370,"ESAGP",2009,"M","N",12,23,6,1,1,1,0,"Y","Y","Y","Y",12,36.7166666666667,-4.41666666666667
38430,"ESCAR",2009,"M",NA,9,7,6,1,NA,1,1,"Y","Y","Y","Y",12,37.5833333333333,-0.983333333333333
38440,"ESALC",2009,"M",NA,14,14,6,1,1,1,1,NA,NA,"Y","Y",12,38.3333333333333,-0.483333333333333
38480,"ESVLC",2009,"M",NA,15,11,4,1,1,1,1,"Y","Y","Y","Y",12,39.45,-0.316666666666667
38540,"ESTAR",2009,"S",NA,9,15,6,1,NA,1,1,NA,NA,"Y","Y",12,41.1,1.23333333333333
38550,"ESBCN",2009,"L",NA,15,23,6,1,1,1,1,"Y","Y","Y","Y",12,41.35,2.16666666666667
38130,"PTFNC",2009,"S",NA,12,12,4,NA,1,1,0,NA,NA,"Y","Y",12,32.6333333333333,-16.9166666666667
37400,"ESBIO",2009,"M",NA,3,23,6,1,1,1,0,"Y","Y","Y","Y",12,43.35,-3.05
37470,"ESSDR",2009,"M",NA,7,17,9,1,1,NA,1,NA,NA,"Y","Y",12,43.4666666666667,-3.78333333333333
37560,"ESGIJ",2009,"S",NA,3,6,9,1,1,1,1,"Y","Y","Y","Y",12,43.55,-5.66666666666667
37830,"ESVIL",2009,"V",NA,6,3,6,1,1,1,0,NA,NA,NA,"Y",12,42.6,-8.76666666666667
37860,"ESMPG",2009,"S",NA,7,15,6,1,1,1,1,NA,NA,"Y","Y",12,42.4,-8.7
37900,"ESVGO",2009,"M","N",21,9,7,1,1,1,1,"Y","Y","Y","Y",12,42.2333333333333,-8.71666666666667
37950,"PTLEI",2009,"M","Y",7,7,4,1,1,NA,1,NA,"Y","Y","Y",12,41.1833333333333,-8.7
37990,"PTLIS",2009,"L","Y",14,12,4,1,1,1,0,"Y","Y","Y","Y",12,38.7,-9.16666666666667
38000,"PTSET",2009,"S","Y",11,9,7,1,1,NA,1,NA,NA,"Y","Y",12,38.5166666666667,-8.9
38005,"PTSIE",2009,"M",NA,NA,23,4,NA,NA,NA,0,NA,"Y","Y",NA,37,37.95,-8.86666666666667
36460,"FRBES",2009,"L",NA,4,11,6,1,1,1,1,"Y","Y","Y","Y",12,48.3833333333333,-4.5
36900,"FRNTE",2009,"M","Y",7,18,4,1,1,1,1,NA,"Y","Y","Y",12,47.2,-1.56666666666667
35580,"GBSOU",2009,"L",NA,7,12,9,1,1,1,0,"Y",NA,"Y","Y",12,50.9,-1.4
35840,"FRLEH",2009,"L","Y",15,11,4,1,1,1,0,"Y","Y","Y","Y",12,49.4833333333333,0.116666666666667
35010,"GBCDF",2009,"L","Y",0,9,9,1,1,1,0,NA,NA,"Y","Y",12,51.45,-3.16666666666667
35070,"GBBRS",2009,"M","Y",11,6,11,1,1,1,0,"Y",NA,"Y","Y",12,51.4666666666667,-2.63333333333333
34360,"IEORK",2009,"M","Y",4,7,7,1,1,NA,0,"Y","Y","Y","Y",12,51.85,-8.26666666666667
34400,"IEWAT",2009,"V","Y",3,6,6,1,NA,NA,0,NA,NA,"Y","Y",12,52.2666666666667,-7.11666666666667
34690,"GBLIV",2009,"L","Y",6,6,7,1,1,1,1,"Y","Y","Y","Y",12,53.4166666666667,-3
33770,"GBBEL",2009,"L",NA,6,9,9,1,1,1,0,NA,NA,"Y","Y",12,54.6166666666667,-5.9
32220,"GBABD",2009,"M","Y",4,7,4,1,1,NA,1,"Y","Y","Y","Y",12,57.15,-2.08333333333333
31250,"BEANR",2009,"L","Y",11,NA,11,1,1,1,0,"Y","Y","Y","Y",12,51.2166666666667,4.4
31270,"BEGNE",2009,"L","Y",3,14,11,1,NA,1,1,"Y","Y","Y","Y",12,51.0666666666667,3.73333333333333
31280,"BEZEE",2009,"M","N",12,7,12,NA,1,NA,1,NA,NA,"Y","Y",12,51.3333333333333,3.2
31470,"GBLON",2009,"L","Y",3,3,6,1,1,1,1,NA,NA,"Y","Y",12,51.5,-0.0833333333333333
31650,"GBIMM",2009,"M","Y",7,7,11,1,1,NA,1,"N","Y","Y","Y",12,53.6333333333333,-0.2
31660,"GBHUL",2009,"M","Y",4,9,6,1,NA,1,0,"Y",NA,"Y","Y",12,53.75,-0.283333333333333
31670,"GBGOO",2009,"S","Y",3,NA,4,1,1,NA,1,NA,"Y","Y","Y",12,53.7,-0.833333333333333
31140,"NLRTM",2009,"L","Y",11,12,7,1,1,1,0,"Y","Y","Y","Y",12,51.9,4.48333333333333
30640,"DKEBJ",2009,"M",NA,9,11,6,1,1,NA,1,NA,"Y","Y","Y",12,55.4666666666667,8.45
30780,"DEHAM",2009,"L","Y",9,NA,4,1,1,1,0,"Y","Y","Y","Y",12,53.55,9.93333333333333
30800,"DECUX",2009,"M",NA,14,4,7,1,NA,NA,1,NA,"Y",NA,"Y",12,53.8666666666667,8.71666666666667
30810,"DEBRV",2009,"L","Y",11,7,4,1,NA,1,0,"Y","Y","Y","Y",12,53.5333333333333,8.58333333333333
30910,"DEWVN",2009,"S","Y",9,11,4,1,1,1,0,"Y",NA,"Y","Y",12,53.5333333333333,8.16666666666667
31060,"NLAMS",2009,"L","Y",12,4,9,1,1,1,0,"Y","Y","Y","Y",12,52.3666666666667,4.9
30170,"DKFRC",2009,"S","Y",14,14,4,1,1,NA,1,NA,"Y","Y","Y",12,55.5666666666667,9.76666666666667
30260,"DKAAR",2009,"M",NA,7,6,7,1,1,1,1,"Y","Y","Y","Y",12,56.15,10.2166666666667
30400,"DKAAL",2009,"S","Y",9,6,9,1,NA,1,1,NA,"Y","Y","Y",12,57.05,9.93333333333333
28890,"DELBC",2009,"M","Y",9,12,4,1,1,1,0,NA,"Y","Y","Y",12,53.8833333333333,10.7
28930,"DEKEL",2009,"M","Y",11,9,3,1,1,NA,1,NA,NA,"Y","Y",12,54.3666666666667,10.1666666666667
29230,"DKCPH",2009,"L","Y",6,9,9,1,1,1,1,"Y","Y","Y","Y",12,55.7,12.6166666666667
28190,"FIHEL",2009,"L","Y",7,11,3,1,1,1,1,NA,"Y","Y","Y",12,60.1666666666667,24.9666666666667
28480,"EETLL",2009,"S","Y",7,20,4,1,1,1,1,"Y","Y","Y","Y",12,59.45,24.7666666666667
28610,"LVRIX",2009,"L","Y",6,21,7,1,1,1,1,NA,"Y","Y","Y",12,56.95,24.1
28660,"LTKLJ",2009,"M","Y",9,12,6,1,1,1,1,NA,"Y",NA,"Y",12,55.7166666666667,21.1166666666667
28710,"PLGDN",2009,"M","Y",6,9,11,1,1,1,0,"Y","Y","Y","Y",12,54.35,18.6666666666667
28740,"PLGDY",2009,"L",NA,12,9,6,1,1,1,1,"Y","Y","Y","Y",12,54.5333333333333,18.55
28823,"PLSZZ",2009,"M",NA,7,4,4,1,1,1,1,NA,"Y","Y",NA,37,53.4,14.5333333333333
27520,"FIOUL",2009,"S","Y",7,6,6,NA,1,NA,1,NA,"Y",NA,"Y",12,65.0166666666667,25.4
27780,"FIRAU",2009,"M","Y",6,7,4,1,1,NA,0,NA,"Y","Y","Y",12,61.1333333333333,21.5
28140,"FIHKO",2009,"M",NA,6,23,6,1,1,NA,0,NA,NA,"Y","Y",12,59.8166666666667,22.95
25590,"SEGVX",2009,"S","Y",9,11,6,1,1,1,1,"Y",NA,"Y","Y",12,60.6833333333333,17.1666666666667
25190,"SENRK",2009,"M","Y",3,18,4,1,1,1,1,"Y",NA,"Y","Y",12,58.5833333333333,16.2
25320,"SESOE",2009,"S","Y",9,6,7,1,NA,NA,1,NA,NA,"Y",NA,37,59.1833333333333,17.65
25395,"SEVST",2009,"M","Y",6,6,6,1,1,NA,0,"Y","Y","Y","Y",12,59.6166666666667,16.55
23830,"NOMSS",2009,"S","Y",NA,17,7,1,1,1,1,NA,"Y",NA,NA,75,59.45,10.6666666666667
23840,"NOFRK",2009,"S","Y",9,7,9,1,1,NA,1,NA,"Y","Y","Y",12,59.2,10.95
24020,"SEGOT",2009,"L","Y",7,11,4,1,1,1,1,"Y","Y","Y",NA,37,57.7,11.9666666666667
24050,"SEHAD",2009,"S","N",11,23,7,1,1,NA,1,NA,"Y","Y","Y",12,56.6666666666667,12.8666666666667
24120,"SEHEL",2009,"M","N",9,12,4,1,1,NA,1,NA,"Y","Y","Y",12,56.05,12.7
24210,"SEMMA",2009,"M","Y",7,11,4,1,1,NA,1,"Y","Y","Y",NA,37,55.6166666666667,13
23550,"NOKRS",2009,"S","Y",4,14,4,1,1,NA,1,"Y",NA,NA,NA,100,58.15,8
23810,"NOOSL",2009,"L",NA,11,17,4,1,1,1,1,"Y","Y","Y","Y",12,59.9166666666667,10.75
22920,"NOMJF",2009,"S","Y",4,23,4,0,0,0,0,"N","N","N","Y",12,65.8333333333333,13.2
11550,"MQFDF",2009,"M","N",9,11,6,NA,1,NA,0,NA,NA,"Y","Y",12,14.6,-61.0666666666667
11450,"GPPTP",2009,"S","N",11,11,7,NA,1,NA,0,"Y","Y","Y","Y",12,16.2333333333333,-61.5333333333333
27740,"FIPOR",2009,"S","Y",6,20,7,NA,1,NA,1,NA,NA,"Y","Y",12,61.4833333333333,21.8
43340,"TRGEM",2009,"V",NA,NA,NA,6,NA,1,NA,0,NA,"Y","Y",NA,37,40.4166666666667,29.1166666666667
31560,"GBFXT",2009,"S",NA,14,11,6,1,1,NA,0,NA,NA,"Y","Y",12,51.95,1.31666666666667
35732,"FRDKK",2009,"M",NA,18,18,12,1,1,1,0,NA,"Y","Y","Y",12,51.0666666666667,2.35
38095,"PTPRV",2009,"V",NA,12,23,9,1,NA,NA,0,NA,NA,"Y","Y",12,38.7166666666667,-27.05
38100,"PTPDL",2009,"S",NA,7,12,11,NA,1,1,1,NA,NA,"Y","Y",12,37.7333333333333,-25.6666666666667
44860,"TRMER",2007,"M","N",11,9,4,1,1,1,0,NA,"Y","Y","Y",12,36.8,34.6333333333333
44880,"TRISK",2007,"S",NA,23,12,9,1,1,1,0,NA,NA,"Y","Y",12,36.6,36.1666666666667
44950,"CYLMS",2007,"S",NA,14,12,9,1,1,1,1,"Y","Y","Y","Y",12,34.6666666666667,33.05
44820,"TRAYT",2007,"S",NA,6,23,7,1,1,NA,0,NA,NA,"Y","Y",12,36.8666666666667,30.7666666666667
44450,"TRSSX",2007,"V",NA,11,23,4,NA,1,NA,1,NA,NA,"Y","Y",12,41.3,36.35
44620,"TRIZT",2007,"V",NA,4,11,6,NA,1,NA,1,NA,NA,NA,"Y",12,40.7666666666667,29.9166666666667
44750,"TRIZM",2007,"M",NA,9,23,6,NA,NA,1,1,NA,"Y",NA,"Y",12,38.4333333333333,27.1333333333333
43390,"TRTEK",2007,"S",NA,NA,11,7,1,1,NA,0,NA,NA,"Y","Y",12,40.9833333333333,27.5166666666667
43510,"BGVAR",2007,"S","Y",9,15,4,1,1,1,1,"Y",NA,"Y","Y",12,43.1833333333333,27.9666666666667
43560,"ROCND",2007,"S",NA,6,23,6,NA,NA,1,1,"Y","Y","Y","Y",12,44.1666666666667,28.65
42530,"GRSKG",2007,"M",NA,9,9,7,1,1,1,0,"Y","Y","Y","Y",12,40.6333333333333,22.9333333333333
41640,"MEBAR",2007,"S","N",17,23,7,1,1,1,0,NA,"Y","Y","Y",12,42.0833333333333,19.0833333333333
42230,"GRPIR",2007,"L",NA,23,11,9,NA,NA,1,0,"Y","Y",NA,"Y",12,37.9333333333333,23.65
40660,"ITAOI",2007,"M",NA,11,7,7,1,1,1,1,NA,NA,"Y","Y",12,43.6166666666667,13.5
40760,"ITVCE",2007,"L",NA,11,12,7,1,1,1,0,"Y","Y","Y","Y",12,45.4166666666667,12.4333333333333
40820,"ITTRS",2007,"L",NA,17,23,11,1,1,1,1,"Y","Y","Y","Y",12,45.65,13.7666666666667
40860,"SIKOP",2007,"V","N",12,17,4,1,1,NA,1,NA,"Y","Y","Y",12,45.55,13.7333333333333
41010,"HRRJK",2007,"L",NA,17,23,4,1,1,1,1,NA,"Y","Y","Y",12,45.3333333333333,14.4333333333333
41410,"HRPLE",2007,"V","Y",9,23,3,NA,1,1,1,NA,"Y","Y","Y",12,43.05,17.4333333333333
40040,"ITSAL",2007,"V",NA,6,4,6,1,1,1,1,NA,NA,"Y",NA,37,40.6666666666667,14.75
40115,"ITGIT",2007,"S",NA,12,12,12,1,1,NA,1,NA,"Y",NA,NA,75,38.4166666666667,15.9
40270,"ITCTA",2007,"S",NA,11,20,4,1,1,1,1,NA,"Y",NA,NA,75,37.5,15.1
40340,"MTMAR",2007,"S",NA,14,23,15,NA,1,NA,0,"Y",NA,"Y",NA,37,35.8166666666667,14.55
40470,"ITTAR",2007,"M","Y",15,11,7,1,1,1,0,"Y",NA,NA,"Y",12,40.4666666666667,17.2
40530,"ITBRI",2007,"M",NA,11,9,4,NA,1,1,1,NA,NA,NA,"Y",12,41.1333333333333,16.8666666666667
39440,"ITSVN",2007,"M",NA,9,21,7,1,1,1,1,"Y","Y",NA,"Y",12,44.3166666666667,8.5
39470,"ITGOA",2007,"L","Y",17,7,4,1,1,1,1,"Y","Y","Y","Y",12,44.4,8.93333333333333
39520,"ITSPE",2007,"M",NA,12,9,11,1,1,1,1,"Y","Y","Y","Y",12,44.1,9.83333333333333
39550,"ITMDC",2007,"V","N",9,14,12,1,1,1,0,"Y","Y","Y","Y",12,44.0333333333333,10.0333333333333
39590,"ITLIV",2007,"M",NA,11,7,12,1,1,1,1,"Y",NA,"Y","Y",12,43.55,10.3166666666667
39810,"ITCVV",2007,"M",NA,12,23,4,1,1,1,0,"Y",NA,"Y","Y",12,42.1,11.7833333333333
39960,"ITNAP",2007,"L","Y",11,15,7,1,1,1,1,"Y","Y","Y","Y",12,40.85,14.2666666666667
38810,"FRMRS",2007,"L","Y",12,11,6,1,1,1,1,"Y","Y","Y","Y",12,43.3166666666667,5.36666666666667
39210,"ITCAG",2007,"S",NA,14,12,6,1,1,NA,1,NA,NA,"Y","Y",12,39.2166666666667,9.11666666666667
38630,"ESPMI",2007,"M",NA,9,12,11,1,1,1,1,NA,"Y","Y","Y",12,39.5666666666667,2.63333333333333
38160,"ESSCT",2007,"M",NA,12,23,17,NA,1,NA,1,NA,"Y",NA,"Y",12,28.4666666666667,-16.2333333333333
38170,"ESLPA",2007,"L","N",11,12,9,1,1,1,1,"Y","Y","Y","Y",12,28.15,-15.4166666666667
38220,"ESHUV",2007,"M",NA,9,15,4,1,1,1,1,"Y","Y","Y","Y",12,37.25,-6.95
38270,"ESSVQ",2007,"M","Y",4,4,6,1,1,NA,0,NA,NA,"Y","Y",12,37.3666666666667,-6
38290,"ESCAD",2007,"M","Y",11,12,9,1,NA,1,1,NA,"Y",NA,"Y",12,36.5333333333333,-6.3
38310,"ESALG",2007,"S","Y",14,23,11,1,1,NA,1,"Y","Y","Y","Y",12,36.1333333333333,-5.43333333333333
38370,"ESAGP",2007,"M","N",12,23,6,1,1,1,0,"Y","Y","Y","Y",12,36.7166666666667,-4.41666666666667
38430,"ESCAR",2007,"M",NA,9,7,6,1,NA,1,1,"Y","Y","Y","Y",12,37.5833333333333,-0.983333333333333
38440,"ESALC",2007,"M",NA,14,14,6,1,1,1,1,NA,NA,"Y","Y",12,38.3333333333333,-0.483333333333333
38480,"ESVLC",2007,"M",NA,15,11,4,1,1,1,1,"Y","Y","Y","Y",12,39.45,-0.316666666666667
38540,"ESTAR",2007,"S",NA,9,15,6,1,NA,1,1,NA,NA,"Y","Y",12,41.1,1.23333333333333
38550,"ESBCN",2007,"L",NA,15,23,6,1,1,1,1,"Y","Y","Y","Y",12,41.35,2.16666666666667
38130,"PTFNC",2007,"S",NA,12,12,4,NA,1,1,0,NA,NA,"Y","Y",12,32.6333333333333,-16.9166666666667
37400,"ESBIO",2007,"M",NA,3,23,6,1,1,1,0,"Y","Y","Y","Y",12,43.35,-3.05
37470,"ESSDR",2007,"M",NA,7,17,9,1,1,NA,1,NA,NA,"Y","Y",12,43.4666666666667,-3.78333333333333
37560,"ESGIJ",2007,"S",NA,3,6,9,1,1,1,1,"Y","Y","Y","Y",12,43.55,-5.66666666666667
37830,"ESVIL",2007,"V",NA,6,3,6,1,1,1,0,NA,NA,NA,"Y",12,42.6,-8.76666666666667
37860,"ESMPG",2007,"S",NA,7,15,6,1,1,1,1,NA,NA,"Y","Y",12,42.4,-8.7
37900,"ESVGO",2007,"M","N",21,9,7,1,1,1,1,"Y","Y","Y","Y",12,42.2333333333333,-8.71666666666667
37950,"PTLEI",2007,"M","Y",7,7,4,1,1,NA,1,NA,"Y","Y","Y",12,41.1833333333333,-8.7
37990,"PTLIS",2007,"L","Y",14,12,4,1,1,1,0,"Y","Y","Y","Y",12,38.7,-9.16666666666667
38000,"PTSET",2007,"S","Y",11,9,7,1,1,NA,1,NA,NA,"Y","Y",12,38.5166666666667,-8.9
38005,"PTSIE",2007,"M",NA,NA,23,4,NA,NA,NA,0,NA,"Y","Y",NA,37,37.95,-8.86666666666667
36460,"FRBES",2007,"L",NA,4,11,6,1,1,1,1,"Y","Y","Y","Y",12,48.3833333333333,-4.5
36900,"FRNTE",2007,"M","Y",7,18,4,1,1,1,1,NA,"Y","Y","Y",12,47.2,-1.56666666666667
35580,"GBSOU",2007,"L",NA,7,12,9,1,1,1,0,"Y",NA,"Y","Y",12,50.9,-1.4
35840,"FRLEH",2007,"L","Y",15,11,4,1,1,1,0,"Y","Y","Y","Y",12,49.4833333333333,0.116666666666667
35010,"GBCDF",2007,"L","Y",0,9,9,1,1,1,0,NA,NA,"Y","Y",12,51.45,-3.16666666666667
35070,"GBBRS",2007,"M","Y",11,6,11,1,1,1,0,"Y",NA,"Y","Y",12,51.4666666666667,-2.63333333333333
34360,"IEORK",2007,"M","Y",4,7,7,1,1,NA,0,"Y","Y","Y","Y",12,51.85,-8.26666666666667
34400,"IEWAT",2007,"V","Y",3,6,6,1,NA,NA,0,NA,NA,"Y","Y",12,52.2666666666667,-7.11666666666667
34690,"GBLIV",2007,"L","Y",6,6,7,1,1,1,1,"Y","Y","Y","Y",12,53.4166666666667,-3
33770,"GBBEL",2007,"L",NA,6,9,9,1,1,1,0,NA,NA,"Y","Y",12,54.6166666666667,-5.9
32220,"GBABD",2007,"M","Y",4,7,4,1,1,NA,1,"Y","Y","Y","Y",12,57.15,-2.08333333333333
31250,"BEANR",2007,"L","Y",11,NA,11,1,1,1,0,"Y","Y","Y","Y",12,51.2166666666667,4.4
31270,"BEGNE",2007,"L","Y",3,14,11,1,NA,1,1,"Y","Y","Y","Y",12,51.0666666666667,3.73333333333333
31280,"BEZEE",2007,"M","N",12,7,12,NA,1,NA,1,NA,NA,"Y","Y",12,51.3333333333333,3.2
31470,"GBLON",2007,"L","Y",3,3,6,1,1,1,1,NA,NA,"Y","Y",12,51.5,-0.0833333333333333
31650,"GBIMM",2007,"M","Y",7,7,11,1,1,NA,1,"N","Y","Y","Y",12,53.6333333333333,-0.2
31660,"GBHUL",2007,"M","Y",4,9,6,1,NA,1,0,"Y",NA,"Y","Y",12,53.75,-0.283333333333333
31670,"GBGOO",2007,"S","Y",3,NA,4,1,1,NA,1,NA,"Y","Y","Y",12,53.7,-0.833333333333333
31140,"NLRTM",2007,"L","Y",11,12,7,1,1,1,0,"Y","Y","Y","Y",12,51.9,4.48333333333333
30640,"DKEBJ",2007,"M",NA,9,11,6,1,1,NA,1,NA,"Y","Y","Y",12,55.4666666666667,8.45
30780,"DEHAM",2007,"L","Y",9,NA,4,1,1,1,0,"Y","Y","Y","Y",12,53.55,9.93333333333333
30800,"DECUX",2007,"M",NA,14,4,7,1,NA,NA,1,NA,"Y",NA,"Y",12,53.8666666666667,8.71666666666667
30810,"DEBRV",2007,"L","Y",11,7,4,1,NA,1,0,"Y","Y","Y","Y",12,53.5333333333333,8.58333333333333
30910,"DEWVN",2007,"S","Y",9,11,4,1,1,1,0,"Y",NA,"Y","Y",12,53.5333333333333,8.16666666666667
31060,"NLAMS",2007,"L","Y",12,4,9,1,1,1,0,"Y","Y","Y","Y",12,52.3666666666667,4.9
30170,"DKFRC",2007,"S","Y",14,14,4,1,1,NA,1,NA,"Y","Y","Y",12,55.5666666666667,9.76666666666667
30260,"DKAAR",2007,"M",NA,7,6,7,1,1,1,1,"Y","Y","Y","Y",12,56.15,10.2166666666667
30400,"DKAAL",2007,"S","Y",9,6,9,1,NA,1,1,NA,"Y","Y","Y",12,57.05,9.93333333333333
28890,"DELBC",2007,"M","Y",9,12,4,1,1,1,0,NA,"Y","Y","Y",12,53.8833333333333,10.7
28930,"DEKEL",2007,"M","Y",11,9,3,1,1,NA,1,NA,NA,"Y","Y",12,54.3666666666667,10.1666666666667
29230,"DKCPH",2007,"L","Y",6,9,9,1,1,1,1,"Y","Y","Y","Y",12,55.7,12.6166666666667
28190,"FIHEL",2007,"L","Y",7,11,3,1,1,1,1,NA,"Y","Y","Y",12,60.1666666666667,24.9666666666667
28480,"EETLL",2007,"S","Y",7,20,4,1,1,1,1,"Y","Y","Y","Y",12,59.45,24.7666666666667
28610,"LVRIX",2007,"L","Y",6,21,7,1,1,1,1,NA,"Y","Y","Y",12,56.95,24.1
28660,"LTKLJ",2007,"M","Y",9,12,6,1,1,1,1,NA,"Y",NA,"Y",12,55.7166666666667,21.1166666666667
28710,"PLGDN",2007,"M","Y",6,9,11,1,1,1,0,"Y","Y","Y","Y",12,54.35,18.6666666666667
28740,"PLGDY",2007,"L",NA,12,9,6,1,1,1,1,"Y","Y","Y","Y",12,54.5333333333333,18.55
28823,"PLSZZ",2007,"M",NA,7,4,4,1,1,1,1,NA,"Y","Y",NA,37,53.4,14.5333333333333
27520,"FIOUL",2007,"S","Y",7,6,6,NA,1,NA,1,NA,"Y",NA,"Y",12,65.0166666666667,25.4
27780,"FIRAU",2007,"M","Y",6,7,4,1,1,NA,0,NA,"Y","Y","Y",12,61.1333333333333,21.5
28140,"FIHKO",2007,"M",NA,6,23,6,1,1,NA,0,NA,NA,"Y","Y",12,59.8166666666667,22.95
25590,"SEGVX",2007,"S","Y",9,11,6,1,1,1,1,"Y",NA,"Y","Y",12,60.6833333333333,17.1666666666667
25190,"SENRK",2007,"M","Y",3,18,4,1,1,1,1,"Y",NA,"Y","Y",12,58.5833333333333,16.2
25320,"SESOE",2007,"S","Y",9,6,7,1,NA,NA,1,NA,NA,"Y",NA,37,59.1833333333333,17.65
25395,"SEVST",2007,"M","Y",6,6,6,1,1,NA,0,"Y","Y","Y","Y",12,59.6166666666667,16.55
23830,"NOMSS",2007,"S","Y",NA,17,7,1,1,1,1,NA,"Y",NA,NA,75,59.45,10.6666666666667
23840,"NOFRK",2007,"S","Y",9,7,9,1,1,NA,1,NA,"Y","Y","Y",12,59.2,10.95
24020,"SEGOT",2007,"L","Y",7,11,4,1,1,1,1,"Y","Y","Y",NA,37,57.7,11.9666666666667
24050,"SEHAD",2007,"S","N",11,23,7,1,1,NA,1,NA,"Y","Y","Y",12,56.6666666666667,12.8666666666667
24120,"SEHEL",2007,"M","N",9,12,4,1,1,NA,1,NA,"Y","Y","Y",12,56.05,12.7
24210,"SEMMA",2007,"M","Y",7,11,4,1,1,NA,1,"Y","Y","Y",NA,37,55.6166666666667,13
23550,"NOKRS",2007,"S","Y",4,14,4,1,1,NA,1,"Y",NA,NA,NA,100,58.15,8
23810,"NOOSL",2007,"L",NA,11,17,4,1,1,1,1,"Y","Y","Y","Y",12,59.9166666666667,10.75
22920,"NOMJF",2007,"S","Y",4,23,4,0,0,0,0,"N","N","N","Y",12,65.8333333333333,13.2
11550,"MQFDF",2007,"M","N",9,11,6,NA,1,NA,0,NA,NA,"Y","Y",12,14.6,-61.0666666666667
11450,"GPPTP",2007,"S","N",11,11,7,NA,1,NA,0,"Y","Y","Y","Y",12,16.2333333333333,-61.5333333333333
38095,"PTPRV",2007,"V",NA,12,23,9,1,NA,NA,0,NA,NA,"Y","Y",12,38.7166666666667,-27.05
38100,"PTPDL",2007,"S",NA,7,12,11,NA,1,1,1,NA,NA,"Y","Y",12,37.7333333333333,-25.6666666666667
NA,"NLMOE",2022,"M",NA,8,NA,8,1,1,1,1,"N","Y","Y","N",37,51.7,4.58333333333333
NA,"FR_4",2022,"M",NA,9,11,6,NA,1,NA,0,NA,NA,"Y","Y",12,NA,NA
NA,"REPDG",2022,"VS",NA,1,11,3,NA,NA,NA,0,NA,NA,NA,NA,0,-20.9166666666667,55.2833333333333
NA,"ESMLN",2022,NA,NA,NA,NA,9,NA,NA,NA,0,NA,NA,NA,NA,0,35.3,-2.93333333333333
NA,"GBFOR",2022,NA,NA,NA,NA,20,NA,NA,NA,0,NA,NA,NA,NA,0,56.0333333333333,-3.23333333333333
NA,"GBMED",2022,NA,NA,NA,NA,8,NA,NA,NA,0,NA,NA,NA,NA,0,51.6666666666667,0.9
NA,"GBMME",2022,"L",NA,3,12,7,1,1,1,1,"Y","Y","Y","Y",12,NA,NA
NA,"ESCAS",2022,"S",NA,9,11,7,1,1,1,0,"Y","Y","Y",NA,37,39.9666666666667,0.0166666666666667
NA,"NOBRG",2022,NA,NA,NA,NA,10,1,1,NA,0,"Y","Y","Y","Y",12,59.2666666666667,11.0333333333333
NA,"NOGVL",2022,NA,NA,NA,NA,NA,NA,NA,NA,0,NA,NA,NA,NA,0,NA,NA
NA,"PTCNL",2022,"S",NA,NA,NA,11,NA,NA,NA,0,NA,"Y",NA,NA,75,32.7333333333333,-16.7333333333333
NA,"ESAGA",2022,NA,NA,NA,NA,5,NA,NA,NA,0,NA,NA,NA,NA,0,28.1,-15.7166666666667
NA,"BE003",2022,NA,NA,NA,NA,NA,NA,NA,NA,0,NA,NA,NA,NA,0,NA,NA
43388,"TRAMB",2019,NA,NA,NA,NA,5,NA,NA,NA,NA,NA,NA,NA,NA,NA,NA,NA
43388,"TRAMB",2018,NA,NA,NA,NA,5,NA,NA,NA,NA,NA,NA,NA,NA,NA,NA,NA
43388,"TRAMB",2017,NA,NA,NA,NA,5,NA,NA,NA,NA,NA,NA,NA,NA,NA,NA,NA
43388,"TRAMB",2016,NA,NA,NA,NA,5,NA,NA,NA,NA,NA,NA,NA,NA,NA,NA,NA
43388,"TRAMB",2015,NA,NA,NA,NA,5,NA,NA,NA,NA,NA,NA,NA,NA,NA,NA,NA
43388,"TRAMB",2014,NA,NA,NA,NA,5,NA,NA,NA,NA,NA,NA,NA,NA,NA,NA,NA
43388,"TRAMB",2013,NA,NA,NA,NA,5,NA,NA,NA,NA,NA,NA,NA,NA,NA,NA,NA
43388,"TRAMB",2012,NA,NA,NA,NA,5,NA,NA,NA,NA,NA,NA,NA,NA,NA,NA,NA
43388,"TRAMB",2011,NA,NA,NA,NA,5,NA,NA,NA,NA,NA,NA,NA,NA,NA,NA,NA
43388,"TRAMB",2010,NA,NA,NA,NA,5,NA,NA,NA,NA,NA,NA,NA,NA,NA,NA,NA
43388,"TRAMB",2009,NA,NA,NA,NA,5,NA,NA,NA,NA,NA,NA,NA,NA,NA,NA,NA
43388,"TRAMB",2008,NA,NA,NA,NA,5,NA,NA,NA,NA,NA,NA,NA,NA,NA,NA,NA
43388,"TRAMB",2007,NA,NA,NA,NA,5,NA,NA,NA,NA,NA,NA,NA,NA,NA,NA,NA
43388,"TRAMB",2006,NA,NA,NA,NA,5,NA,NA,NA,NA,NA,NA,NA,NA,NA,NA,NA
43388,"TRAMB",2005,NA,NA,NA,NA,5,NA,NA,NA,NA,NA,NA,NA,NA,NA,NA,NA
43388,"TRAMB",2004,NA,NA,NA,NA,5,NA,NA,NA,NA,NA,NA,NA,NA,NA,NA,NA
43388,"TRAMB",2003,NA,NA,NA,NA,5,NA,NA,NA,NA,NA,NA,NA,NA,NA,NA,NA
