"port_code","harbor_size","overhead_limits","channel_depth","anchorage_depth","cargo_depth","cranes_fixed","cranes_mobile","cranes_floating","railway","lifts100","lifts50","lifts25","lifts0","max_lift","lat","long"
"BEANR","L","Y",11,20,11,1,1,1,0,"Y","Y","Y","Y",12,51.2166666666667,4.4
"BEBGS","V","Y",8,NA,5,1,0,1,1,"Y","U","U","Y",12,51.2333333333333,3.21666666666667
"BEBRU","S","Y",3,11,3,1,1,1,1,"U","U","U","Y",12,50.8666666666667,4.35
"BEGNE","M","Y",11,14,11,1,1,0,1,"U","U","Y","Y",12,51.0666666666667,3.73333333333333
"BENIE","V","U",2,6,3,1,1,0,1,"U","Y","U","U",75,51.1333333333333,2.75
"BEOST","S","Y",5,6,5,1,1,1,1,"U","U","Y","Y",12,51.2333333333333,2.91666666666667
"BEZEE","M","N",9,8,14,0,1,0,1,"U","U","Y","Y",12,51.3333333333333,3.2
"DKAAB","S","U",11,23,6,0,1,0,1,"U","U","U","Y",12,55.05,9.43333333333333
"","V","U",3,6,5,1,0,0,0,"U","U","U","Y",12,54.8833333333333,10.4166666666667
"DKAUB","S","U",3,9,3,0,0,0,0,"U","U","U","U",0,54.95,9.86666666666667
"DKCSO","V","Y",2,NA,NA,0,0,0,1,"U","U","U","U",0,55.3166666666667,15.1833333333333
"DKENS","V","U",13,23,16,1,0,0,0,"U","U","Y","U",37,55.0166666666667,9.43333333333333
"DKEBJ","S","Y",9,11,8,0,1,0,1,"U","U","Y","U",37,55.4666666666667,8.45
"DKFAK","V","Y",3,5,3,0,1,0,1,"U","U","U","Y",12,55.2166666666667,12.1666666666667
"DKFRC","S","Y",14,14,5,1,1,0,1,"U","Y","Y","Y",12,55.5666666666667,9.76666666666667
"DKFDS","V","Y",2,3,5,1,0,0,1,"U","U","U","Y",12,55.8333333333333,12.05
"DKFDV","V","Y",3,9,5,1,0,0,1,"U","U","U","Y",12,55.9666666666667,12.0166666666667
"DKGFH","V","U",5,20,NA,0,0,0,0,"U","U","U","U",0,55.2,11.2666666666667
"DKHSL","V","Y",3,20,3,1,0,0,1,"U","U","U","Y",12,55.1833333333333,14.7
"DKHLS","V","Y",0,8,5,0,1,0,1,"U","U","Y","Y",12,56.0333333333333,12.6166666666667
"DKHBO","V","U",5,13,5,1,0,0,1,"U","U","U","Y",12,56.6333333333333,9.8
"DKHBK","V","U",5,3,5,1,1,0,1,"Y","Y","U","Y",12,55.7166666666667,11.7166666666667
"DKHSB","S","Y",3,3,3,0,1,0,1,"U","U","Y","Y",12,56.5,8.58333333333333
"DKKOG","V","Y",5,6,6,0,1,0,1,"U","U","Y","U",37,55.45,12.2
"DKKRR","S","Y",5,13,5,1,1,0,1,"U","U","U","Y",12,55.3333333333333,11.1333333333333
"DKLVG","V","U",2,3,3,1,1,0,1,"U","U","Y","Y",12,56.5833333333333,8.28333333333333
"DKMRR","V","Y",5,13,5,0,0,0,1,"U","U","U","U",0,56.65,9.98333333333333
"DKNEX","V","Y",5,13,5,1,0,0,0,"U","U","U","Y",12,55.0666666666667,15.1333333333333
"DKNYM","V","Y",5,NA,3,0,1,0,0,"U","U","Y","Y",12,56.7666666666667,11.8666666666667
"DKNTD","V","Y",3,3,3,0,0,0,1,"U","U","U","U",0,54.6666666666667,11.7333333333333
"DKRKG","V","Y",2,NA,2,0,1,0,1,"U","U","U","Y",12,56.0833333333333,8.25
"DKROF","V","U",5,9,3,0,1,1,0,"U","U","Y","Y",12,54.65,11.35
"DKSAX","S","U",2,2,2,1,1,0,0,"U","U","Y","Y",12,54.8,11.6333333333333
"DKSKB","V","Y",6,6,17,0,1,0,0,"U","U","U","Y",12,55.5166666666667,9.61666666666667
"DKSTE","V","Y",2,NA,3,0,0,0,1,"U","U","U","U",0,54.9833333333333,12.2833333333333
"DKSIT","V","Y",16,20,6,0,0,0,0,"U","U","U","Y",12,55.2,11.25
"DKSBK","S","Y",3,2,5,0,0,0,0,"U","U","U","U",0,54.8833333333333,12.05
"DKTED","V","Y",5,9,3,0,0,0,1,"U","U","U","U",0,56.95,8.7
"DKTHN","V","Y",5,5,5,1,0,0,0,"U","U","U","Y",12,56.7,8.21666666666667
"DKTUB","V","U",2,9,5,1,0,0,1,"U","U","U","Y",12,55.7166666666667,12.5833333333333
"DKVOR","V","Y",5,5,6,0,0,0,1,"U","U","U","Y",12,55,11.9
"DEBKE","M","U",8,8,11,1,1,0,0,"U","U","Y","Y",12,53.3333333333333,8.48333333333333
"DEBRE","L","U",8,8,5,1,1,1,0,"Y","Y","Y","Y",12,53.1333333333333,8.76666666666667
"DEBRV","L","Y",11,8,5,1,1,1,1,"Y","Y","Y","Y",12,53.5333333333333,8.58333333333333
"DEBRB","S","Y",11,11,11,0,0,0,1,"U","U","U","U",0,53.9,9.15
"DEBUM","V","Y",6,2,2,0,0,0,1,"U","U","U","U",0,54.1333333333333,8.86666666666667
"DEBUZ","S","U",13,6,14,0,0,0,1,"U","U","U","U",0,53.65,9.51666666666667
"DECUX","M","U",14,3,6,1,0,0,1,"U","Y","U","Y",12,53.8666666666667,8.71666666666667
"DEELS","V","Y",3,NA,3,1,0,0,1,"U","U","U","Y",12,53.2333333333333,8.46666666666667
"DEEME","M","Y",8,11,6,0,1,0,1,"U","Y","Y","Y",12,53.3333333333333,7.18333333333333
"DEGLU","S","Y",3,6,NA,1,0,0,1,"U","U","Y","Y",12,53.7833333333333,9.41666666666667
"DEHAM","L","Y",9,NA,6,1,1,1,1,"Y","Y","Y","Y",12,53.55,9.93333333333333
"DEHUS","V","Y",2,6,3,1,0,0,1,"U","U","U","Y",12,54.4833333333333,9.05
"DEITZ","V","Y",5,11,2,1,0,0,1,"U","U","U","Y",12,53.9166666666667,9.51666666666667
"DELEE","V","Y",3,8,3,1,1,1,1,"Y","Y","Y","Y",12,53.2333333333333,7.45
"DETRV","S","U",8,17,9,1,0,0,1,"U","U","Y","U",37,53.9666666666667,10.8833333333333
"DENEH","V","Y",3,11,2,0,0,0,1,"U","U","U","U",0,53.8,9.03333333333333
"DENGL","V","Y",5,5,5,0,0,0,1,"U","U","U","Y",12,54.1,10.8166666666667
"DENHA","S","U",11,8,13,1,1,0,1,"U","Y","Y","Y",12,53.4833333333333,8.48333333333333
"DEOLO","V","Y",2,NA,3,1,0,0,1,"U","Y","Y","Y",12,53.1166666666667,8.21666666666667
"DEORT","V","U",2,3,2,0,0,0,1,"U","U","U","U",0,54.45,11.05
"DEPAP","S","Y",3,8,5,1,1,0,0,"U","Y","U","Y",12,53.1,7.38333333333333
"DEREN","S","Y",11,NA,3,1,0,0,1,"U","U","U","Y",12,54.3,9.68333333333333
"DEWVN","S","Y",20,11,11,1,1,1,1,"Y","U","Y","Y",12,53.5333333333333,8.16666666666667
"DEWOL","V","U",5,8,5,1,1,0,1,"U","U","U","Y",12,54.05,13.7833333333333
"ESADR","V","U",8,14,5,1,0,0,1,"U","U","U","Y",12,36.7333333333333,-3.03333333333333
"ESAGU","V","U",14,20,11,1,0,0,0,"U","U","U","Y",12,37.4,-1.56666666666667
"ESALG","S","Y",6,23,23,1,1,0,1,"U","Y","Y","Y",12,36.1333333333333,-5.43333333333333
"ESALC","M","U",14,11,14,1,1,1,1,"U","U","Y","Y",12,38.3333333333333,-0.483333333333333
"ESLEI","S","Y",11,23,11,1,1,0,1,"U","U","U","Y",12,36.8333333333333,-2.46666666666667
"ESACE","V","U",5,23,14,0,1,0,1,"U","U","U","Y",12,28.95,-13.5333333333333
"ESAVS","S","Y",9,13,11,1,1,0,1,"U","U","Y","Y",12,43.6,-5.93333333333333
"ESBCN","L","U",9,23,16,1,1,0,1,"U","Y","Y","U",37,41.35,2.16666666666667
"ESBRM","V","U",5,23,5,0,1,0,0,"Y","Y","Y","Y",12,43.4166666666667,-2.71666666666667
"ESBRX","V","U",5,11,5,0,0,0,1,"U","U","U","U",0,39.8833333333333,-0.05
"ESCAD","M","Y",13,14,14,1,1,0,1,"U","Y","Y","Y",12,36.5333333333333,-6.3
"ESCAR","S","U",11,23,13,1,1,1,1,"U","U","Y","Y",12,37.5833333333333,-0.983333333333333
"ESCEU","M","N",NA,23,11,0,1,0,0,"U","U","Y","U",37,35.9,-5.31666666666667
"ESGCS","V","U",9,11,8,1,1,0,1,"Y","Y","Y","Y",12,39.9666666666667,0.0166666666666667
"ESFRO","M","U",11,11,14,1,1,1,1,"Y","Y","Y","Y",12,43.4833333333333,-8.23333333333333
"ESGIJ","S","U",19,6,20,1,1,1,1,"U","Y","Y","Y",12,43.55,-5.66666666666667
"ESHUV","M","U",13,20,13,1,1,0,1,"Y","Y","Y","Y",12,37.25,-6.95
"ESIBZ","V","U",8,23,20,0,0,0,0,"U","U","U","U",0,38.9,1.45
"ESLCG","S","N",17,13,16,1,1,0,1,"U","Y","Y","Y",12,43.3666666666667,-8.4
"ESLPA","L","N",11,23,22,1,1,1,1,"Y","Y","Y","Y",12,28.15,-15.4166666666667
"ESMAH","V","N",14,23,11,1,1,1,0,"U","Y","Y","Y",12,39.8833333333333,4.26666666666667
"ESAGP","M","N",13,23,17,1,1,0,1,"U","U","Y","Y",12,36.7166666666667,-4.41666666666667
"ESMPG","S","U",23,23,11,1,1,1,1,"U","Y","Y","Y",12,42.4,-8.7
"ESMOT","V","Y",11,14,9,1,1,0,0,"U","U","U","Y",12,36.75,-3.51666666666667
"ESPAL","S","U",19,17,17,1,1,0,0,"U","Y","Y","Y",12,41.8333333333333,3.11666666666667
"ESPMI","M","U",9,14,19,1,1,1,1,"U","U","Y","Y",12,39.5666666666667,2.63333333333333
"ESALD","V","N",6,13,6,1,0,0,0,"U","U","Y","Y",12,39.8333333333333,3.13333333333333
"ESBIO","M","U",6,23,20,1,1,1,0,"Y","Y","Y","Y",12,43.35,-3.05
"ESCRS","S","U",23,23,14,0,1,0,0,"U","U","U","Y",12,37,-1.88333333333333
"ESGAN","V","U",8,20,9,1,1,0,0,"U","U","Y","Y",12,39,-0.15
"ESGAR","V","U",NA,23,8,1,0,0,0,"U","U","U","U",0,37.1833333333333,-1.81666666666667
"ESFUE","V","U",13,17,11,0,0,0,0,"Y","Y","U","Y",12,28.5,-13.85
"ESPAS","M","U",9,23,11,1,1,1,1,"U","Y","Y","Y",12,43.3333333333333,-1.93333333333333
"ESRIB","V","Y",13,9,5,0,1,0,1,"U","U","Y","U",37,43.5333333333333,-7.03333333333333
"ESROS","V","U",6,17,3,1,0,0,0,"U","U","U","Y",12,42.2666666666667,3.18333333333333
"ESROT","V","U",9,9,11,1,0,0,1,"U","Y","U","U",75,36.6166666666667,-6.33333333333333
"ESSAG","V","N",8,20,14,1,1,0,1,"Y","Y","Y","Y",12,39.65,-0.216666666666667
"ESSCI","V","Y",17,13,13,1,1,0,0,"U","U","U","Y",12,43.7,-7.43333333333333
"ESSFU","V","U",6,20,6,1,1,0,1,"U","U","Y","Y",12,41.7833333333333,3.03333333333333
"ESSPC","V","U",13,23,11,0,0,0,0,"U","U","U","U",0,28.6833333333333,-17.75
"ESSCT","M","U",11,23,19,0,1,0,1,"U","U","U","Y",12,28.4666666666667,-16.2333333333333
"ESSDR","M","N",11,22,13,1,1,0,1,"U","U","Y","Y",12,43.4666666666667,-3.78333333333333
"ESSVQ","M","Y",8,NA,6,1,1,0,0,"U","U","Y","Y",12,37.3666666666667,-6
"ESTAR","L","U",20,23,20,1,1,1,1,"Y","Y","Y","Y",12,41.1,1.23333333333333
"ESTOR","V","U",11,11,9,0,1,0,1,"U","Y","U","U",75,37.9666666666667,-0.683333333333333
"ESVLC","M","U",16,17,17,1,1,1,1,"U","U","Y","Y",12,39.45,-0.316666666666667
"ESVGO","M","N",23,23,17,1,1,0,1,"Y","Y","Y","Y",12,42.2333333333333,-8.71666666666667
"ESVIL","V","U",20,5,11,0,1,0,1,"U","U","U","Y",12,42.6,-8.76666666666667
"ESVLG","V","U",6,6,6,1,1,0,1,"U","U","U","Y",12,41.2333333333333,1.73333333333333
"IEBTH","V","U",9,22,9,0,0,0,0,"U","U","U","U",0,51.6833333333333,-9.45
"IECTB","V","Y",8,8,5,0,0,0,0,"U","U","U","U",0,51.65,-9.91666666666667
"IECOB","M","U",11,17,8,1,1,0,1,"U","U","Y","U",37,51.85,-8.3
"IEORK","M","Y",11,17,11,1,1,0,1,"U","U","Y","U",37,51.85,-8.26666666666667
"IEDRO","V","Y",5,2,6,0,1,0,1,"Y","Y","Y","Y",12,53.7166666666667,-6.3
"IEMTL","M","Y",10,20,11,1,1,1,1,"Y","Y","Y","U",37,53.35,-6.25
"IEFEN","V","U",5,5,6,1,1,0,0,"U","Y","U","Y",12,52.2666666666667,-9.86666666666667
"IEFOV","L","U",6,23,23,1,1,0,0,"U","U","Y","Y",12,52.6166666666667,-9.11666666666667
"IEGWY","V","N",3,9,6,1,1,0,0,"U","U","Y","U",37,53.2666666666667,-9.05
"IEGRN","V","Y",6,16,4,1,1,0,1,"U","Y","Y","Y",12,54.0333333333333,-6.13333333333333
"IEKBS","V","U",23,23,11,0,1,0,1,"Y","Y","Y","Y",12,54.6333333333333,-8.45
"IEKLR","V","U",5,8,5,0,1,0,0,"U","U","Y","Y",12,52.6333333333333,-9.5
"IELMK","S","Y",2,11,5,1,1,0,0,"U","U","U","Y",12,52.6333333333333,-8.61666666666667
"IENRS","S","Y",5,5,6,1,1,0,1,"Y","U","Y","Y",12,52.3833333333333,-6.95
"IERAT","V","U",9,17,6,0,1,0,0,"U","U","U","U",0,55.1,-7.53333333333333
"IEROE","S","Y",7,6,7,0,1,0,0,"U","U","U","Y",12,52.25,-6.33333333333333
"IESLI","V","N",2,11,3,1,1,0,0,"U","U","U","Y",12,54.2666666666667,-8.46666666666667
"IETAR","V","Y",19,11,2,0,0,0,0,"U","U","U","U",0,52.5833333333333,-9.36666666666667
"IEWAT","V","Y",7,8,8,1,1,1,0,"U","U","Y","Y",12,52.2666666666667,-7.11666666666667
"IEWES","V","U",2,8,3,1,0,0,0,"N","N","N","Y",12,53.8,-9.53333333333333
"GRACL","V","Y",NA,23,16,0,1,0,0,"U","Y","U","U",75,38.9,22.8166666666667
"GRGIE","V","N",11,23,5,0,0,0,1,"U","U","U","U",0,38.25,22.0833333333333
"GRAXD","M","U",9,9,9,1,1,1,1,"U","U","Y","Y",12,40.8333333333333,25.8833333333333
"GRAND","V","U",11,11,2,0,0,0,0,"U","U","U","U",0,37.8333333333333,24.95
"GRARM","V","Y",NA,14,6,0,0,0,0,"U","U","U","U",0,38.1833333333333,20.5166666666667
"GRASS","V","U",8,23,NA,0,0,0,1,"U","U","U","U",0,38.0333333333333,23.6
"GRAST","S","U",NA,17,3,0,0,0,0,"U","U","U","U",0,38.4833333333333,21.1
"GRANI","V","U",NA,13,9,0,0,0,0,"U","U","U","U",0,35.2,25.7166666666667
"GRCLK","S","Y",6,5,5,0,1,1,0,"U","Y","U","Y",12,38.4666666666667,23.6
"GRQKG","V","Y",5,6,6,0,1,0,0,"U","U","U","Y",12,38.45,23.6
"GRFLS","S","U",NA,11,11,0,0,0,1,"U","U","Y","Y",12,38.0333333333333,23.55
"GRGAV","V","U",11,5,2,0,0,0,0,"U","U","U","U",0,37.8833333333333,24.7333333333333
"GRHER","M","U",8,23,8,1,1,0,1,"Y","Y","Y","Y",12,35.35,25.15
"GRITA","V","Y",9,17,6,0,0,0,0,"U","U","U","U",0,38.4333333333333,22.4166666666667
"GRKLX","S","U",9,23,9,0,1,0,1,"Y","U","Y","U",37,37.0166666666667,22.1166666666667
"GRKLL","V","U",13,NA,NA,0,0,0,0,"U","U","U","U",0,34.9333333333333,24.8333333333333
"GRKMI","V","U",11,22,5,0,0,0,0,"U","U","U","U",0,36.95,26.9833333333333
"GRKAK","V","U",9,9,9,0,0,0,1,"U","U","Y","U",37,37.65,21.3166666666667
"GRKVA","S","U",11,23,8,0,1,0,1,"U","U","U","Y",12,40.9333333333333,24.4
"GRCFU","M","N",8,23,3,1,1,0,1,"U","U","U","Y",12,39.6166666666667,19.9333333333333
"GRJKH","V","U",NA,23,8,0,0,0,1,"U","U","U","U",0,38.3666666666667,26.1333333333333
"GRKYM","V","U",NA,23,8,0,0,0,0,"U","U","U","U",0,38.8333333333333,23.4666666666667
"GRPTL","V","U",3,5,5,0,0,0,0,"U","U","U","U",0,41,25.1333333333333
"GRPKK","V","U",23,13,6,0,0,0,0,"U","U","U","U",0,37.1333333333333,26.85
"GRLAV","V","U",5,13,5,0,0,0,0,"U","U","U","U",0,37.7,24.0666666666667
"GRKGS","V","U",5,11,3,0,0,0,1,"N","N","N","N",0,36.9,27.2833333333333
"GRJSY","V","Y",20,20,5,0,0,1,1,"U","U","Y","U",37,37.4333333333333,24.95
"GRMGR","V","U",NA,23,NA,0,0,0,0,"U","U","U","U",0,37.9666666666667,23.4
"GRMEL","V","N",5,23,5,0,0,0,0,"U","U","U","U",0,38.3666666666667,21.4166666666667
"GRJMK","V","U",5,20,6,0,0,0,0,"U","U","U","U",0,37.45,25.3333333333333
"GRMLO","V","U",22,17,3,0,0,0,0,"U","U","U","U",0,36.7166666666667,24.45
"GRMJT","S","U",NA,17,8,0,1,1,0,"U","U","U","Y",12,39.1,26.5666666666667
"GRNPK","V","Y",5,9,5,0,1,0,1,"U","U","U","Y",12,37.5666666666667,22.8
"GRKAR","S","U",NA,23,3,0,0,1,0,"U","U","Y","Y",12,37.8,26.6833333333333
"GRJNX","V","U",11,11,2,0,0,0,0,"U","U","U","U",0,37.1,25.3666666666667
"GRLVR","M","Y",11,23,5,1,1,0,0,"U","U","U","U",0,38.3833333333333,24.05
"GRVAT","V","Y",5,11,2,0,0,0,1,"U","U","U","U",0,38.4333333333333,23.6
"GRGPA","S","U",6,23,11,1,1,0,1,"Y","Y","Y","Y",12,38.25,21.7333333333333
"GRPER","S","N",11,8,11,0,1,0,0,"U","Y","Y","Y",12,37.9666666666667,23.5666666666667
"GRNAV","V","N",5,17,9,0,0,0,0,"U","U","U","U",0,36.9,21.6666666666667
"GRPIR","L","U",23,23,16,1,1,1,1,"U","Y","Y","Y",12,37.9333333333333,23.65
"GRPYT","V","U",5,9,5,0,0,0,0,"U","U","U","U",0,37.6833333333333,26.95
"GRPLM","V","U",23,23,NA,0,0,0,0,"U","U","U","U",0,38.9833333333333,26.3666666666667
"GRPVK","V","N",8,11,5,0,0,0,0,"U","U","Y","U",37,38.95,20.75
"GRRET","V","U",NA,16,8,0,0,0,0,"U","U","U","U",0,35.3666666666667,24.4666666666667
"GRRHO","S","U",9,16,11,0,1,0,1,"U","U","U","Y",12,36.45,28.2333333333333
"GRSMI","V","N",3,23,2,0,0,0,0,"U","U","U","U",0,37.75,26.9666666666667
"GRJSH","V","U",8,11,3,0,0,0,0,"U","U","U","U",0,35.2166666666667,26.1333333333333
"GRSDH","M","N",14,23,6,0,1,0,0,"U","Y","Y","Y",12,35.4833333333333,24.1833333333333
"GRSTI","V","Y",23,23,3,0,0,0,0,"U","U","U","U",0,40.5166666666667,23.8333333333333
"GRSKG","M","U",NA,20,11,1,1,1,1,"Y","Y","Y","Y",12,40.6333333333333,22.9333333333333
"GRTSI","V","N",11,11,2,0,0,0,0,"U","U","U","U",0,39.1666666666667,22.85
"GRVOL","M","U",9,22,11,1,1,1,1,"Y","U","Y","Y",12,39.3666666666667,22.95
"GRYER","V","U",5,9,9,0,0,0,0,"U","U","U","U",0,40.2666666666667,23.4666666666667
"GRGYT","V","Y",3,23,8,0,0,0,0,"U","U","U","U",0,36.75,22.5666666666667
"FRAMS","S","Y",6,9,9,0,0,0,0,"U","U","U","U",0,45.0166666666667,-0.533333333333333
"FRANT","V","U",6,9,6,0,1,0,1,"U","U","U","Y",12,43.5833333333333,7.13333333333333
"FRBIA","V","U",17,23,8,0,1,0,1,"U","U","U","Y",12,42.7,9.45
"FRBAY","M","U",5,23,9,1,1,0,0,"U","Y","Y","Y",12,43.5,-1.46666666666667
"FRBYE","S","U",8,9,6,1,1,0,0,"U","U","U","Y",12,45.1333333333333,-0.666666666666667
"FRBON","V","U",11,11,8,1,0,0,0,"U","U","U","Y",12,41.3833333333333,9.16666666666667
"FRBOD","L","Y",13,9,8,1,1,1,0,"Y","Y","Y","Y",12,44.8666666666667,-0.566666666666667
"FRBOL","M","Y",5,14,11,1,1,0,1,"U","U","Y","Y",12,50.7333333333333,1.6
"FRCQF","S","Y",8,19,11,1,1,0,1,"U","U","Y","Y",12,50.9666666666667,1.85
"FRCLY","V","U",9,23,9,0,1,0,0,"U","U","U","Y",12,42.5666666666667,8.75
"FRCEQ","S","Y",8,23,5,0,1,0,1,"U","U","U","Y",12,43.55,7.01666666666667
"FRCOC","V","Y",5,13,5,1,1,0,1,"Y","Y","Y","Y",12,47.8666666666667,-3.91666666666667
"FRDOL","V","Y",0,13,3,1,1,0,1,"U","U","U","Y",12,49.3666666666667,0.0833333333333333
"FRDPE","S","Y",5,11,8,1,1,0,1,"U","U","Y","Y",12,49.9333333333333,1.08333333333333
"FRDON","S","Y",14,19,13,0,0,0,0,"U","U","U","U",0,47.3,-2.06666666666667
"FRDKK","M","Y",14,20,14,1,1,1,0,"Y","Y","Y","Y",12,51.05,2.38333333333333
"FRFEC","S","Y",0,11,6,1,1,0,1,"Y","U","Y","Y",12,49.7666666666667,0.366666666666667
"FRFOS","V","U",22,11,6,0,1,0,1,"U","U","Y","Y",12,43.4166666666667,4.88333333333333
"FRGFR","V","Y",0,6,8,1,1,0,1,"U","U","U","Y",12,48.8333333333333,-1.6
"FRGRV","V","Y",0,9,NA,1,1,0,1,"U","U","U","Y",12,51,2.11666666666667
"FRHON","V","U",3,13,8,1,1,0,0,"U","U","U","Y",12,49.4166666666667,0.216666666666667
"FRLPE","M","U",11,13,14,1,1,1,0,"U","Y","Y","Y",12,46.1666666666667,-1.21666666666667
"FRLRH","M","U",11,5,9,1,1,0,1,"U","U","Y","Y",12,46.15,-1.15
"FRLLG","V","U",0,6,5,1,1,1,0,"U","U","U","Y",12,48.5333333333333,-2.75
"FRLSO","M","Y",6,8,6,1,1,0,0,"U","U","U","Y",12,46.5,-1.8
"FRLTR","V","Y",0,14,6,1,1,0,1,"U","U","U","Y",12,50.0666666666667,1.36666666666667
"FRLVE","S","U",13,9,16,0,1,0,0,"U","U","Y","U",37,45.55,-1.05
"FRILR","V","U",6,23,8,0,0,0,0,"U","U","U","U",0,42.6333333333333,8.93333333333333
"FRLRT","M","Y",8,19,10,1,1,0,1,"U","Y","Y","Y",12,47.75,-3.35
"FRMRS","S","Y",13,11,16,1,1,1,1,"Y","Y","Y","Y",12,43.3166666666667,5.36666666666667
"FRMTX","M","U",13,NA,11,0,0,0,0,"U","U","U","U",0,47.3,-2.13333333333333
"FRMXN","S","Y",0,20,3,1,1,0,1,"U","U","U","Y",12,48.5833333333333,-3.83333333333333
"FRNTE","M","Y",8,19,5,1,1,1,1,"U","Y","Y","Y",12,47.2,-1.56666666666667
"FRNCE","S","N",6,13,8,1,1,0,1,"U","U","U","Y",12,43.7,7.28333333333333
"FROUI","V","Y",6,11,8,1,1,0,0,"U","U","Y","Y",12,49.2833333333333,-0.25
"FRPAI","V","Y",0,8,3,1,0,0,1,"U","U","U","Y",12,48.7833333333333,-3.05
"FRPAP","S","U",9,9,11,1,1,0,0,"U","U","U","Y",12,45.2,-0.75
"FRPOX","V","Y",2,11,3,0,0,0,0,"U","U","U","U",0,48.7,-3.15
"FRAJA","S","U",23,23,8,1,1,0,0,"U","U","U","Y",12,41.9166666666667,8.75
"FRPDB","S","Y",11,11,8,1,1,1,1,"U","U","U","Y",12,43.4,4.98333333333333
"FRCFR","S","Y",6,11,8,1,1,0,1,"U","U","Y","Y",12,49.1833333333333,-0.35
"FRPRP","V","U",9,9,5,0,0,0,0,"U","U","U","Y",12,41.6833333333333,8.9
"FRROS","V","Y",5,14,6,0,1,0,1,"U","Y","Y","Y",12,48.7333333333333,-3.98333333333333
"FRNOU","S","Y",5,20,8,0,1,0,1,"U","U","U","Y",12,43.0166666666667,3.06666666666667
"FRLEH","L","Y",14,6,16,1,1,1,1,"Y","Y","Y","Y",12,49.4833333333333,0.116666666666667
"FRURO","L","Y",9,13,11,1,1,1,1,"U","Y","Y","Y",12,49.45,1.06666666666667
"FRPVO","V","U",5,20,8,0,0,0,0,"U","U","U","U",0,41.5833333333333,9.28333333333333
"FRPSL","S","N",6,6,17,1,0,1,1,"U","U","Y","U",37,43.3833333333333,4.81666666666667
"FRPOV","S","U",8,23,8,1,1,0,0,"U","Y","Y","Y",12,42.5166666666667,3.11666666666667
"FRBES","L","Y",13,22,13,1,1,0,1,"U","Y","Y","Y",12,48.3833333333333,-4.5
"FRCER","L","Y",9,11,13,1,1,0,1,"Y","Y","Y","Y",12,49.65,-1.63333333333333
"FRRCO","M","Y",2,NA,6,1,1,0,1,"U","U","Y","Y",12,45.9333333333333,-0.95
"FRSML","S","Y",3,22,8,1,1,0,1,"U","U","U","Y",12,48.65,-2.01666666666667
"FRSRL","V","U",NA,11,2,0,0,0,1,"U","U","U","U",0,43.4166666666667,6.76666666666667
"FRSTP","V","U",5,13,5,0,0,0,1,"U","U","U","U",0,43.2666666666667,6.63333333333333
"FRSVS","V","U",0,NA,3,1,1,0,0,"U","U","U","Y",12,50.1833333333333,1.61666666666667
"FRSET","S","Y",14,8,13,0,1,0,1,"U","U","Y","Y",12,43.4,3.7
"FRSNR","M","U",13,19,8,1,1,1,0,"Y","Y","Y","Y",12,47.2833333333333,-2.2
"FRTON","S","Y",5,NA,5,1,1,0,0,"U","U","U","Y",12,45.9333333333333,-0.9
"FRTLN","L","Y",9,20,9,1,0,0,1,"U","U","Y","U",37,43.1,5.91666666666667
"FRTRE","V","U",3,11,16,0,1,0,0,"U","U","Y","U",37,48.7833333333333,-3.23333333333333
"FRVSS","V","U",5,23,NA,1,0,0,1,"U","U","U","Y",12,43.7,7.31666666666667
"HRBAK","S","U",23,23,17,0,0,0,1,"U","Y","Y","Y",12,45.3,14.5333333333333
"HRDBV","S","U",23,23,3,1,1,0,1,"U","U","Y","Y",12,42.6666666666667,18.0833333333333
"HRDUR","V","U",23,8,NA,0,0,0,0,"U","U","U","Y",12,43.45,16.65
"HRKOR","V","U",23,6,23,1,0,0,0,"Y","U","U","U",100,42.9333333333333,17.1333333333333
"HROMI","S","N",23,23,NA,1,1,0,0,"U","U","Y","Y",12,45.2166666666667,14.55
"HRPLE","V","Y",9,23,3,0,1,1,1,"U","Y","Y","U",37,43.05,17.4333333333333
"HRPUY","V","U",8,11,3,0,1,1,1,"Y","U","U","Y",12,44.8833333333333,13.8
"HRRJK","L","U",17,23,6,1,1,1,1,"U","Y","Y","Y",12,45.3333333333333,14.4333333333333
"HRROV","S","U",5,14,5,0,1,0,1,"U","U","U","Y",12,45.0833333333333,13.6333333333333
"HRSEN","V","U",14,13,2,0,0,0,0,"U","U","U","U",0,44.9833333333333,14.9
"HRSIB","S","Y",22,14,5,1,1,0,1,"U","U","U","Y",12,43.7333333333333,15.8833333333333
"HRSPU","L","U",13,11,6,1,1,1,1,"Y","Y","U","Y",12,43.5,16.4333333333333
"HRUMG","V","U",6,11,5,0,0,0,0,"U","U","U","U",0,45.4333333333333,13.5166666666667
"HRZAD","S","N",8,16,6,0,1,0,1,"U","Y","Y","Y",12,44.1166666666667,15.2166666666667
"HRRAS","V","U",23,9,14,1,0,0,1,"U","U","U","Y",12,45.05,14.0666666666667
"ITAOI","S","U",11,11,8,1,1,1,1,"U","Y","Y","Y",12,43.6166666666667,13.4833333333333
"ITANZ","V","U",5,8,3,1,1,0,1,"U","Y","U","Y",12,41.4333333333333,12.6333333333333
"ITATX","V","N",5,6,8,1,1,0,0,"U","Y","Y","Y",12,39.9333333333333,9.7
"ITAUG","M","U",23,22,NA,0,0,1,1,"U","U","U","Y",12,37.2166666666667,15.2333333333333
"ITBLN","S","U",23,20,13,0,1,0,1,"U","U","Y","U",37,40.8,14.15
"ITBRI","M","U",11,9,11,0,1,1,1,"U","U","U","Y",12,41.1333333333333,16.8333333333333
"ITBDS","L","Y",14,23,11,0,1,1,1,"U","Y","Y","Y",12,40.65,17.9833333333333
"ITCAG","M","U",14,13,8,1,1,0,1,"U","U","Y","Y",12,39.1833333333333,9.1
"ITCLF","V","U",5,22,6,1,0,0,1,"Y","U","U","U",100,39.1333333333333,8.31666666666667
"ITCAS","V","U",9,17,13,1,1,0,1,"U","U","U","U",0,40.7,14.4666666666667
"ITCTA","M","U",11,23,9,1,1,0,1,"U","Y","Y","U",37,37.5,15.1
"ITCVV","L","U",13,16,9,1,1,1,0,"U","U","Y","Y",12,42.1,11.7666666666667
"ITCRV","S","U",5,14,8,0,0,0,1,"U","U","U","Y",12,39.0666666666667,17.1333333333333
"ITFCO","S","Y",3,23,3,0,1,0,1,"U","U","U","U",0,41.7666666666667,12.2
"ITGAE","S","U",23,14,9,0,1,0,1,"U","U","Y","Y",12,41.2166666666667,13.5666666666667
"ITGAL","M","U",11,13,13,0,1,0,1,"U","U","U","Y",12,40.05,17.9833333333333
"ITGEA","V","U",13,9,9,0,1,0,1,"U","U","U","Y",12,37.0666666666667,14.25
"ITGOA","L","Y",16,8,14,1,1,1,1,"Y","Y","Y","Y",12,44.3833333333333,8.91666666666667
"ITGPR","S","U",4,NA,NA,0,0,0,0,"U","U","U","U",0,42.35,10.9166666666667
"ITGIT","L","U",17,19,16,1,1,0,1,"U","Y","U","U",75,38.4333333333333,15.8833333333333
"ITIMP","S","U",8,11,8,0,1,0,1,"U","U","Y","Y",12,43.8833333333333,8.03333333333333
"ITLMP","S","U",NA,15,NA,0,0,0,0,"U","U","U","U",0,35.4833333333333,12.6
"ITSPE","L","U",14,16,14,1,1,0,1,"Y","Y","Y","Y",12,44.1,9.83333333333333
"ITLIC","S","U",8,20,5,1,1,0,1,"U","U","Y","Y",12,37.0833333333333,13.9333333333333
"ITLIP","V","U",23,23,5,0,0,0,0,"U","U","U","U",0,38.4833333333333,14.9666666666667
"ITLIV","L","N",13,8,5,1,1,1,1,"Y","Y","U","U",75,43.5333333333333,10.2833333333333
"ITMDA","S","U",3,6,5,1,0,0,1,"U","U","U","Y",12,41.2,9.4
"ITMFR","S","N",6,6,9,1,1,0,1,"U","U","U","Y",12,41.6166666666667,15.9166666666667
"ITMDC","V","N",13,6,9,0,1,0,1,"U","Y","Y","Y",12,44.0166666666667,10.0333333333333
"ITMRA","S","Y",5,11,5,0,1,0,1,"U","U","U","U",0,37.7833333333333,12.4333333333333
"ITMAZ","S","Y",3,9,5,0,0,0,1,"U","U","U","U",0,37.6333333333333,12.5833333333333
"ITMSN","L","N",23,11,8,1,1,1,1,"U","U","U","Y",12,38.2,15.5666666666667
"ITMLZ","M","U",9,23,9,1,1,0,1,"U","U","Y","Y",12,38.2166666666667,15.25
"ITMOL","S","Y",8,NA,6,0,0,0,1,"U","Y","Y","U",37,41.2166666666667,16.6
"ITMNF","M","N",9,11,9,0,1,0,1,"U","U","Y","Y",12,45.7833333333333,13.55
"ITMNP","S","U",8,23,6,0,1,0,1,"U","Y","Y","U",37,40.95,17.3
"ITUGG","V","U",16,13,13,0,0,0,0,"U","U","U","U",0,45.6,13.7666666666667
"ITNAP","L","Y",14,20,9,1,1,1,1,"Y","Y","Y","Y",12,40.8166666666667,14.2666666666667
"ITPNG","S","U",7,11,NA,0,0,0,0,"U","U","U","U",0,45.75,13.1666666666667
"ITOLB","S","U",6,22,9,1,1,1,1,"U","U","Y","Y",12,40.9166666666667,9.51666666666667
"ITOTN","S","U",6,NA,5,1,1,0,1,"Y","Y","Y","Y",12,42.35,14.4166666666667
"ITOTO","V","Y",5,6,5,0,0,0,0,"U","U","Y","U",37,40.15,18.4833333333333
"ITPES","S","U",NA,NA,NA,0,0,0,0,"U","U","U","U",0,43.9166666666667,12.9
"ITPSR","S","Y",3,13,5,0,0,0,0,"U","U","Y","U",37,42.45,14.2333333333333
"ITBLT","V","U",8,6,6,0,1,0,0,"U","U","U","U",0,41.3333333333333,16.2833333333333
"ITCHI","V","U",8,5,6,0,1,1,0,"Y","Y","Y","Y",12,45.2333333333333,12.3
"ITPCS","M","Y",5,5,9,0,1,1,1,"Y","U","Y","Y",12,44.4833333333333,12.2833333333333
"ITVCE","L","U",11,13,8,1,1,1,0,"Y","Y","Y","Y",12,45.4166666666667,12.4333333333333
"ITQOS","S","U",13,13,11,0,1,0,0,"U","U","U","Y",12,39.8666666666667,8.55
"ITPMO","S","N",23,17,14,1,1,0,1,"U","U","Y","U",37,38.1166666666667,13.3666666666667
"ITPEM","V","N",11,9,5,0,1,0,0,"U","U","Y","U",37,37.2666666666667,13.5166666666667
"ITPFE","S","U",9,13,6,0,0,0,1,"U","U","U","U",0,42.8166666666667,10.3333333333333
"ITPPF","V","U",6,9,8,1,0,0,0,"Y","U","U","U",100,39.05,8.46666666666667
"ITPSS","V","U",11,23,6,0,1,0,1,"U","U","U","Y",12,42.4333333333333,11.1166666666667
"ITPTO","S","N",11,20,13,1,1,0,1,"U","U","U","Y",12,40.85,8.38333333333333
"ITPIO","V","Y",11,6,11,1,1,1,1,"U","Y","Y","U",37,42.9166666666667,10.55
"ITPVE","V","U",14,14,11,1,0,0,0,"U","U","U","Y",12,39.1833333333333,8.38333333333333
"ITPZL","V","U",NA,9,9,0,1,0,1,"Y","Y","Y","U",37,36.7166666666667,14.85
"ITPOZ","V","U",13,11,5,0,1,0,1,"U","Y","U","Y",12,40.8166666666667,14.1
"ITVDL","M","U",9,16,14,1,0,0,1,"U","U","Y","Y",12,44.25,8.45
"ITREG","S","U",9,23,8,1,0,1,1,"U","U","Y","U",37,38.1166666666667,15.65
"ITSAL","S","U",11,17,11,1,1,0,1,"Y","Y","Y","Y",12,40.6666666666667,14.75
"ITSRE","V","U",9,11,5,0,0,0,1,"U","U","U","U",0,43.8166666666667,7.78333333333333
"ITSPA","V","U",NA,45,NA,0,0,0,0,"U","U","U","U",0,37.0666666666667,15.2833333333333
"ITPFX","M","U",22,11,NA,0,0,0,0,"U","U","U","U",0,39.0833333333333,9.03333333333333
"ITSVN","S","Y",9,16,8,1,1,0,1,"Y","Y","Y","Y",12,44.3166666666667,8.5
"ITSCK","S","U",5,NA,NA,0,0,0,0,"U","U","U","U",0,37.5,13.0666666666667
"ITSIR","L","U",23,8,5,1,0,0,1,"U","U","U","Y",12,37.05,15.2833333333333
"ITTAR","L","Y",14,11,16,1,1,1,1,"Y","Y","Y","U",37,40.4666666666667,17.2
"ITTRI","V","U",6,14,8,1,0,0,1,"U","U","U","Y",12,37.9833333333333,13.7166666666667
"ITTOA","S","U",5,23,9,1,0,0,1,"U","U","U","Y",12,40.75,14.45
"ITTDG","V","U",8,3,23,0,0,0,1,"U","U","U","U",0,40.7833333333333,14.3666666666667
"ITTPS","V","U",8,11,9,0,1,0,1,"Y","Y","Y","Y",12,38,12.5
"ITTRS","L","N",17,19,17,0,1,0,1,"U","U","Y","Y",12,45.65,13.7333333333333
"ITVDA","V","U",3,16,11,1,1,0,0,"U","U","U","Y",12,43.35,10.45
"ITVSO","V","N",5,23,5,0,1,0,0,"U","U","Y","Y",12,42.1166666666667,14.7166666666667
"ITVVA","V","U",9,NA,6,0,1,0,1,"U","U","Y","U",37,38.7166666666667,16.1166666666667
"CYDHK","V","U",9,23,6,0,0,0,0,"U","U","U","U",0,34.9666666666667,33.7166666666667
"CYFMG","S","U",9,17,9,1,1,1,1,"U","Y","Y","Y",12,35.1166666666667,33.9333333333333
"CYKYR","V","U",8,23,8,0,0,0,0,"N","N","N","Y",12,35.35,33.3333333333333
"CYLCA","S","N",13,19,11,1,1,0,0,"U","U","Y","U",37,34.9166666666667,33.65
"CYLMS","S","U",14,23,14,1,1,1,0,"U","U","Y","U",37,34.6666666666667,33.05
"CYKAR","V","U",23,22,2,1,0,0,0,"U","U","U","Y",12,35.1333333333333,32.8333333333333
"NLAMS","L","Y",13,14,9,1,1,1,1,"Y","Y","Y","Y",12,52.3666666666667,4.9
"NLDZL","S","Y",6,8,6,1,1,0,1,"U","U","U","Y",12,53.3333333333333,6.93333333333333
"NLDHR","S","Y",8,16,5,1,1,1,1,"Y","Y","Y","Y",12,52.9666666666667,4.78333333333333
"NLDOR","M","Y",9,11,8,0,1,1,1,"U","Y","Y","Y",12,51.8166666666667,4.65
"NLEEM","S","U",8,9,11,0,1,1,1,"U","Y","U","Y",12,53.45,6.83333333333333
"NLEUR","M","U",20,11,11,0,1,1,1,"U","U","Y","Y",12,51.95,4.11666666666667
"NLHAN","V","Y",5,11,NA,0,0,0,1,"U","U","U","U",0,51.45,4
"NLHAR","V","Y",3,3,3,1,1,1,1,"U","U","U","Y",12,53.1833333333333,5.41666666666667
"NLHVH","V","U",17,14,6,1,1,0,1,"U","U","U","Y",12,51.95,4.13333333333333
"NLIJM","S","Y",14,14,9,1,1,1,1,"U","Y","Y","Y",12,52.4666666666667,4.58333333333333
"NLMSL","V","Y",13,11,5,0,0,0,1,"U","U","U","U",0,51.9166666666667,4.25
"NLRTM","L","Y",11,11,6,1,1,1,1,"Y","Y","Y","Y",12,51.9,4.48333333333333
"NLSCE","V","U",NA,9,6,0,0,0,0,"U","U","U","U",0,52.1,4.26666666666667
"NLSCI","V","U",9,11,6,0,0,1,1,"U","U","U","U",0,51.9,4.4
"NLTNZ","M","Y",9,14,5,1,1,0,1,"U","U","Y","Y",12,51.35,3.81666666666667
"NLVLA","V","U",11,11,11,0,1,1,1,"U","U","U","Y",12,51.9,4.35
"NLVLI","M","U",13,9,8,1,1,0,1,"Y","Y","Y","Y",12,51.45,3.6
"NLZAA","S","Y",8,14,8,0,1,0,0,"U","U","U","Y",12,52.4333333333333,4.83333333333333
"PLDAR","V","Y",6,16,5,0,1,0,1,"U","U","U","Y",12,54.4333333333333,16.4166666666667
"PLGDN","L","Y",6,9,6,1,1,1,1,"U","Y","Y","U",37,54.35,18.6666666666667
"PLGDY","L","U",14,9,6,1,1,1,1,"U","Y","Y","Y",12,54.5333333333333,18.55
"PLKOL","V","Y",5,11,5,0,1,0,1,"U","U","U","Y",12,54.2166666666667,15.55
"PLNWA","S","Y",11,9,5,0,1,1,1,"U","Y","Y","U",37,54.4166666666667,18.6666666666667
"PLPLC","S","Y",9,8,8,1,0,0,0,"U","U","U","Y",12,53.5666666666667,14.5666666666667
"PLSWI","S","Y",14,6,6,1,1,1,1,"U","Y","U","Y",12,53.9166666666667,14.2666666666667
"PLSZZ","M","Y",8,6,2,1,1,1,1,"Y","Y","Y","Y",12,53.4166666666667,14.55
"PLUST","S","Y",5,13,5,0,1,0,1,"U","U","U","Y",12,54.5833333333333,16.85
"PTADH","V","U",13,23,6,1,0,0,0,"U","U","U","Y",12,38.65,-27.2166666666667
"PTAVE","M","U",6,11,9,0,1,0,1,"U","Y","U","Y",12,40.65,-8.65
"PTFAO","V","U",5,23,8,0,0,0,0,"U","U","U","U",0,37.0333333333333,-7.93333333333333
"PTFDF","V","U",6,14,5,0,1,0,1,"U","Y","Y","Y",12,40.15,-8.85
"PTFNC","L","U",13,13,11,0,1,0,0,"U","U","Y","Y",12,32.6333333333333,-16.9166666666667
"PTHOR","S","U",13,23,6,1,1,0,0,"U","Y","U","U",75,38.5333333333333,-28.6333333333333
"PTLOS","L","U",NA,NA,NA,0,0,0,0,"U","U","U","U",0,37.1,-8.61666666666667
"PTLDP","V","U",2,23,NA,0,0,0,0,"U","U","U","U",0,38.4,-28.2666666666667
"PTLIS","L","Y",14,16,17,1,1,0,0,"U","Y","Y","U",37,38.7,-9.16666666666667
"PTDOU","V","Y",3,16,5,1,1,0,1,"U","U","U","Y",12,41.15,-8.66666666666667
"PTPDL","S","U",8,13,11,0,1,0,1,"U","U","Y","Y",12,37.7333333333333,-25.6666666666667
"PTLEI","V","Y",14,20,11,1,1,0,1,"U","Y","Y","Y",12,41.1833333333333,-8.7
"PTPRV","V","U",17,23,13,1,0,0,0,"U","U","Y","Y",12,38.7166666666667,-27.05
"PTSET","S","U",11,6,14,1,1,0,1,"U","U","Y","Y",12,38.5166666666667,-8.9
"PTSIE","M","U",NA,23,14,1,1,0,1,"U","Y","Y","U",37,37.95,-8.86666666666667
"PTVDC","S","Y",8,20,22,1,1,0,0,"U","Y","Y","Y",12,41.7,-8.83333333333333
"PTVDP","V","U",13,23,5,0,0,0,0,"U","U","U","U",0,36.9333333333333,-25.15
"PTVNC","V","U",3,9,5,1,1,0,0,"U","U","U","Y",12,37.1833333333333,-7.4
"ROBAB","V","U",6,NA,6,1,1,0,1,"U","U","U","Y",12,44.1666666666667,28.4333333333333
"ROCEV","V","Y",6,NA,2,1,1,0,0,"U","U","U","Y",12,44.3333333333333,28.05
"ROCND","M","Y",20,23,6,1,1,1,1,"U","Y","Y","Y",12,44.1666666666667,28.65
"ROMAG","V","U",6,23,6,1,1,0,1,"Y","Y","U","Y",12,43.8166666666667,28.5833333333333
"ROMED","V","Y",5,NA,6,1,1,0,1,"U","U","U","Y",12,44.25,28.2666666666667
"ROMID","V","U",5,20,8,1,0,0,1,"U","U","U","Y",12,44.35,28.6666666666667
"ROSUL","V","U",9,11,5,1,0,1,0,"U","U","Y","Y",12,45.1666666666667,29.6666666666667
"FITAI","S","Y",5,5,3,1,1,0,0,"U","Y","Y","U",37,59.9833333333333,23.4333333333333
"FIHLL","V","U",5,5,NA,0,0,0,0,"U","U","U","U",0,63.2833333333333,22.2333333333333
"FIHIM","S","U",6,3,2,0,0,0,0,"U","U","U","U",0,64,23.65
"FIJUS","V","U",5,23,NA,0,0,0,0,"U","U","U","U",0,59.8333333333333,23.5666666666667
"FIKAN","V","U",2,11,NA,0,0,0,0,"U","U","U","U",0,63.4166666666667,22.2833333333333
"FIUKP","V","U",8,NA,5,0,0,0,1,"U","U","U","U",0,63.5166666666667,22.5333333333333
"FIPAR","V","Y",6,6,3,0,0,0,0,"U","U","U","U",0,60.2833333333333,22.0666666666667
"FIPOR","L","Y",6,20,8,1,1,0,1,"Y","Y","Y","Y",12,61.4833333333333,21.8
"FIPRV","V","Y",14,23,6,0,0,0,1,"U","U","U","U",0,60.3,25.6333333333333
"FITHK","V","N",9,6,9,1,1,0,1,"U","U","Y","U",37,61.6333333333333,21.4
"FITOK","V","U",6,11,6,0,1,0,1,"U","Y","Y","Y",12,60.0333333333333,25.5833333333333
"FITKU","M","Y",9,17,6,1,1,0,1,"U","Y","Y","Y",12,60.45,22.2333333333333
"FIVEI","S","Y",6,16,6,1,1,0,1,"U","Y","Y","Y",12,65.7,24.6166666666667
"SEBEA","V","Y",5,6,3,0,1,0,0,"U","U","U","U",0,56.3833333333333,16.1
"SEBOL","V","U",6,9,5,0,0,0,0,"U","U","U","U",0,63,17.7
"SEBLD","V","U",8,9,3,1,0,0,1,"U","U","U","Y",12,58.4833333333333,11.3333333333333
"SEBNF","V","U",6,5,3,0,0,0,0,"U","U","U","U",0,65.0166666666667,21.3833333333333
"SEDOM","V","Y",20,20,3,0,0,0,0,"U","U","U","U",0,63.2666666666667,18.7333333333333
"SEFSD","S","N",5,5,8,0,0,0,1,"U","U","U","U",0,57.9166666666667,19.05
"SEFIG","V","N",3,8,3,0,0,0,0,"U","U","U","U",0,57.3666666666667,16.5
"SEGUB","V","Y",3,11,3,0,0,0,0,"U","U","U","U",0,59.3166666666667,18.3833333333333
"SEGUS","V","Y",9,11,3,1,1,0,1,"U","U","U","Y",12,62.8333333333333,17.8833333333333
"SEHUS","V","U",9,6,6,1,1,0,0,"U","Y","U","Y",12,63.3333333333333,19.15
"SEKLR","V","Y",6,6,5,1,1,1,1,"U","Y","Y","Y",12,56.6666666666667,16.3666666666667
"SEKAA","V","Y",6,6,2,1,1,1,0,"Y","U","U","Y",12,56.1666666666667,15.6
"SEKLI","V","N",5,11,5,0,1,0,0,"U","U","U","Y",12,57.3833333333333,18.2
"SEKRF","V","Y",6,20,6,0,0,1,1,"U","U","U","Y",12,62.9333333333333,17.8
"SENOG","V","U",3,3,5,0,0,0,0,"U","U","U","U",0,63.5666666666667,19.4833333333333
"SENRK","M","Y",8,19,5,1,1,0,1,"Y","U","Y","Y",12,58.5833333333333,16.2
"SENYO","S","Y",9,5,5,0,1,0,1,"U","Y","U","Y",12,58.75,17.0166666666667
"SENYN","S","U",14,8,NA,1,0,0,0,"U","U","Y","U",37,58.9,17.9666666666667
"SEOBB","V","Y",9,9,6,1,0,0,0,"U","U","U","Y",12,63.7,20.3333333333333
"SEOXE","S","Y",5,14,11,1,1,0,1,"U","U","Y","Y",12,58.6666666666667,17.1166666666667
"SERNH","S","Y",22,5,6,0,0,0,0,"U","U","U","U",0,57.1166666666667,18.5
"SESAE","S","Y",6,14,6,1,0,0,0,"U","U","U","Y",12,61.2666666666667,17.1833333333333
"SESAK","V","U",3,5,5,0,0,0,0,"U","U","U","U",0,65.7333333333333,23.7666666666667
"SESLI","S","Y",3,5,6,1,1,0,0,"U","U","U","Y",12,57.7,18.8166666666667
"SESOE","S","Y",8,8,8,1,0,0,1,"U","U","Y","Y",12,59.1833333333333,17.65
"SESOR","V","Y",9,23,5,1,0,0,1,"U","U","U","Y",12,62.5,17.5
"SESTA","V","U",5,6,5,1,0,0,1,"U","U","U","Y",12,61.9,17.35
"SESTO","L","Y",9,16,6,1,1,1,1,"Y","Y","Y","Y",12,59.3333333333333,18.05
"SESTK","V","U",23,19,6,1,0,0,0,"U","U","U","Y",12,62.3333333333333,17.3833333333333
"SEJAT","V","N",6,9,NA,0,0,0,0,"U","U","U","U",0,57.1,16.5666666666667
"SESUS","V","U",9,9,6,1,0,0,0,"U","U","U","Y",12,57.8333333333333,18.8
"SETOE","V","U",8,8,6,0,0,0,0,"U","U","U","U",0,65.9,22.65
"SEUTA","V","U",8,16,8,1,0,0,0,"U","U","U","Y",12,62.7666666666667,17.9333333333333
"SEVAJ","V","U",3,20,8,0,0,0,0,"U","U","U","U",0,62.9833333333333,17.7166666666667
"SEVST","M","Y",5,6,3,1,1,0,1,"Y","Y","Y","Y",12,59.6166666666667,16.55
"SEVVK","S","Y",3,9,5,1,1,0,1,"U","Y","Y","Y",12,57.7666666666667,16.65
"SEVER","V","Y",6,23,2,1,0,0,0,"U","U","U","Y",12,57.7333333333333,16.5333333333333
"SEVBY","S","N",5,23,6,0,1,0,1,"U","Y","Y","Y",12,57.6333333333333,18.2833333333333
"SEVIV","V","U",6,6,6,1,0,0,1,"U","U","U","Y",12,62.4833333333333,17.35
"GBABD","M","Y",5,9,9,1,1,0,0,"Y","Y","Y","Y",12,57.15,-2.08333333333333
"GBAGL","V","N",5,11,2,0,0,0,0,"U","U","U","U",0,54.2666666666667,-5.61666666666667
"GBASG","V","Y",6,6,2,0,0,0,0,"U","U","U","U",0,56.0166666666667,-5.45
"GBARD","S","U",5,22,5,1,0,0,1,"U","U","Y","Y",12,55.65,-4.81666666666667
"GBAUL","V","U",9,13,3,0,0,0,0,"U","U","U","U",0,57.8333333333333,-5.58333333333333
"GBAVO","S","Y",6,9,8,0,1,0,1,"U","U","U","Y",12,51.5,-2.71666666666667
"GBAYR","V","Y",3,6,5,1,1,0,1,"Y","U","U","Y",12,55.4666666666667,-4.63333333333333
"GBBAN","V","N",5,8,2,0,1,0,1,"U","U","U","Y",12,54.65,-5.66666666666667
"GBBIF","M","Y",9,9,6,1,1,1,1,"Y","Y","Y","Y",12,54.1166666666667,-3.23333333333333
"GBBAD","M","Y",2,9,8,1,1,1,0,"U","Y","Y","Y",12,51.4,-3.26666666666667
"GBBEL","L","U",9,9,11,1,1,1,1,"U","U","Y","Y",12,54.6166666666667,-5.9
"GBBWK","V","Y",2,13,5,0,1,0,1,"U","U","U","Y",12,55.7666666666667,-2
"GBBID","S","Y",2,13,5,0,1,0,0,"U","U","U","Y",12,51.0333333333333,-4.2
"GBBLY","M","U",8,17,6,1,1,0,0,"U","Y","U","Y",12,55.1166666666667,-1.5
"GBBOS","S","Y",5,8,5,1,1,0,1,"U","Y","Y","Y",12,52.9666666666667,-0.0166666666666667
"GBBOW","V","U",6,NA,NA,1,1,0,1,"Y","U","U","Y",12,55.9333333333333,-4.48333333333333
"GBBFB","S","U",9,NA,NA,0,0,0,1,"U","U","U","U",0,56.0333333333333,-3.31666666666667
"GBBRW","V","Y",2,6,9,0,1,0,0,"U","U","U","Y",12,51.1333333333333,-3
"GBBRT","V","U",2,9,3,1,1,0,1,"U","U","U","Y",12,54.0833333333333,-0.183333333333333
"GBBRP","V","U",0,11,2,0,1,0,1,"U","U","U","Y",12,50.7166666666667,-2.76666666666667
"GBBRS","M","Y",6,6,14,1,1,0,1,"U","Y","Y","Y",12,51.4666666666667,-2.63333333333333
"GBBRX","V","U",3,23,2,0,1,0,1,"U","U","U","Y",12,50.4,-3.51666666666667
"GBBDF","V","U",13,9,3,0,0,0,0,"U","U","U","U",0,57.25,-5.88333333333333
"GBBUC","V","U",2,8,5,1,0,0,0,"U","U","U","Y",12,57.6833333333333,-2.96666666666667
"GBBUH","V","U",3,11,3,0,1,0,1,"U","Y","Y","Y",12,57.7,-3.5
"GBBTL","S","Y",9,13,8,1,1,0,1,"U","U","U","Y",12,56.05,-3.23333333333333
"GBCNV","S","Y",0,5,3,1,0,0,1,"U","U","U","Y",12,53.15,-4.26666666666667
"GBCBT","S","N",5,9,5,0,0,0,0,"U","U","U","U",0,55.4333333333333,-5.6
"GBCDF","M","Y",0,9,11,1,1,1,1,"U","U","Y","Y",12,51.45,-3.16666666666667
"GBCBA","V","U",6,8,3,0,0,0,0,"U","U","U","U",0,56.95,-7.48333333333333
"GBCHF","V","U",NA,9,5,0,1,0,0,"U","U","Y","Y",12,50.3333333333333,-4.75
"GBCTM","S","Y",2,14,8,1,1,0,1,"U","U","Y","Y",12,51.4,0.55
"GBCOL","V","U",2,5,NA,1,0,0,1,"U","Y","Y","Y",12,51.8833333333333,0.916666666666667
"GBCLR","S","Y",3,11,3,1,1,0,0,"U","U","U","Y",12,55.1333333333333,-6.66666666666667
"GBCOR","S","Y",5,17,11,0,0,0,1,"U","U","U","U",0,56.85,-5.11666666666667
"GBCOW","S","Y",5,17,5,0,1,0,1,"U","Y","Y","Y",12,50.7666666666667,-1.3
"GBCNU","V","U",13,8,5,0,0,0,0,"U","U","U","U",0,56.4666666666667,-5.7
"GBCNC","V","Y",2,3,2,0,0,0,0,"U","U","U","U",0,56.0833333333333,-5.56666666666667
"GBCRN","S","Y",14,8,12,0,1,0,0,"Y","Y","Y","Y",12,57.6833333333333,-4.03333333333333
"GBDTM","S","N",6,9,6,0,1,0,0,"U","U","U","Y",12,50.35,-3.61666666666667
"GBDVR","S","U",8,8,9,1,1,1,1,"U","Y","Y","Y",12,51.1166666666667,1.33333333333333
"GBDBR","V","U",3,13,5,0,0,0,0,"U","U","U","U",0,56,-2.51666666666667
"GBDUN","L","Y",6,8,9,1,1,0,0,"Y","U","Y","Y",12,56.4666666666667,-2.95
"GBEYM","V","U",5,3,2,0,0,0,0,"U","U","U","U",0,55.8666666666667,-2.08333333333333
"GBFAL","M","U",14,23,8,1,1,0,1,"U","U","Y","Y",12,50.15,-5.06666666666667
"GBFAS","","U",NA,NA,NA,0,0,0,0,"U","U","U","U",0,56.05,-4.81666666666667
"GBFAW","S","U",13,22,NA,0,0,0,1,"U","U","U","U",0,50.8166666666667,-1.33333333333333
"GBFXT","V","U",14,11,6,1,1,0,1,"U","U","Y","Y",12,51.95,1.31666666666667
"GBFNT","S","U",23,23,NA,0,0,0,1,"U","U","U","U",0,56.1166666666667,-4.83333333333333
"GBFIS","S","Y",13,14,8,1,0,0,1,"U","U","Y","Y",12,52.0166666666667,-4.98333333333333
"GBFLE","S","N",2,23,5,1,1,0,1,"U","U","Y","Y",12,53.9166666666667,-3.01666666666667
"GBFOL","S","U",0,17,5,0,1,0,0,"U","U","U","Y",12,51.0833333333333,1.2
"GBFWM","V","U",11,14,11,0,0,0,0,"U","U","U","U",0,56.8166666666667,-5.11666666666667
"GBFOY","S","Y",13,14,8,0,1,0,1,"U","U","U","Y",12,50.3333333333333,-4.63333333333333
"GBFRB","S","Y",5,11,6,0,1,0,1,"Y","Y","Y","Y",12,57.6833333333333,-2
"GBGAR","V","U",NA,23,5,0,0,0,0,"U","U","U","U",0,57.7166666666667,-5.68333333333333
"GBGIS","V","Y",6,6,5,1,1,0,1,"U","U","U","U",0,53.35,-2.9
"GBGLW","M","Y",6,11,8,1,1,1,1,"U","Y","Y","Y",12,55.8666666666667,-4.28333333333333
"GBGSA","V","U",20,23,11,0,0,0,0,"U","U","U","U",0,56.5666666666667,-5.53333333333333
"GBGOO","S","Y",3,NA,5,1,1,1,1,"U","Y","Y","Y",12,53.7,-0.833333333333333
"GBGRG","S","Y",6,5,8,1,1,0,1,"U","U","Y","Y",12,56.0166666666667,-3.71666666666667
"GBGRN","V","U",9,9,5,0,1,0,0,"U","U","U","Y",12,55.9833333333333,-3.21666666666667
"GBGVS","S","U",8,16,6,1,0,0,1,"U","U","U","Y",12,51.45,0.366666666666667
"GBGTY","S","Y",3,9,3,1,1,0,1,"U","Y","Y","Y",12,52.6166666666667,1.73333333333333
"GBGRK","M","Y",9,11,11,1,1,0,1,"U","U","Y","U",37,55.95,-4.75
"GBGSY","M","Y",6,3,5,1,1,0,1,"U","Y","Y","Y",12,53.5833333333333,-0.0666666666666667
"GBHTP","S","Y",16,8,6,1,1,0,0,"U","Y","Y","Y",12,54.7,-1.18333333333333
"GBHRW","S","U",13,11,9,1,1,0,1,"U","U","Y","Y",12,51.95,1.28333333333333
"GBHAY","V","U",2,13,2,1,1,0,1,"U","U","U","Y",12,50.1833333333333,-5.41666666666667
"GBHMA","S","Y",2,2,2,0,0,0,0,"U","U","U","U",0,58.1166666666667,-3.65
"GBHYM","V","U",11,11,5,1,1,0,0,"U","U","Y","Y",12,54.0333333333333,-2.91666666666667
"GBHLY","S","U",3,11,13,0,1,0,1,"U","U","Y","U",37,53.3166666666667,-4.63333333333333
"GBHPT","S","Y",19,13,NA,0,0,0,1,"U","U","U","U",0,56,-3.36666666666667
"GBHDD","V","Y",3,5,NA,0,0,0,1,"U","U","U","U",0,53.7333333333333,-0.883333333333333
"GBHST","V","U",23,22,23,0,1,0,1,"U","U","U","U",0,55.75,-4.88333333333333
"GBIMM","M","Y",8,5,13,1,1,0,1,"N","Y","Y","Y",12,53.6333333333333,-0.2
"GBIVG","S","U",14,20,11,0,1,0,0,"Y","Y","Y","Y",12,57.6833333333333,-4.16666666666667
"GBINV","S","Y",2,9,5,0,1,0,0,"U","Y","Y","Y",12,57.4833333333333,-4.23333333333333
"GBIPS","S","Y",5,11,6,1,1,0,1,"U","U","Y","Y",12,52.05,1.16666666666667
"GBIOG","S","U",11,14,13,1,1,0,1,"U","U","U","Y",12,51.4333333333333,0.7
"GBKET","V","U",0,2,2,0,0,0,0,"U","U","U","U",0,59.2333333333333,-2.6
"GBKLK","V","N",1,11,2,0,0,0,0,"U","U","U","U",0,54.05,-5.98333333333333
"GBKLR","S","U",NA,9,7,0,0,0,1,"U","U","U","U",0,54.7333333333333,-5.71666666666667
"GBKLN","S","Y",2,5,5,1,1,0,1,"U","U","Y","Y",12,52.75,0.4
"GBHUL","M","Y",5,5,9,1,1,1,0,"Y","U","Y","Y",12,53.75,-0.283333333333333
"GBKWL","V","U",5,13,5,0,1,0,0,"U","U","U","Y",12,58.9833333333333,-2.96666666666667
"GBKYN","V","U",9,11,2,0,0,0,0,"U","U","U","U",0,57.2666666666667,-5.73333333333333
"GBKYL","V","U",5,13,5,1,0,0,1,"U","U","U","Y",12,57.2833333333333,-5.71666666666667
"GBLAH","V","U",23,23,NA,0,0,0,0,"U","U","U","U",0,55.5333333333333,-5.11666666666667
"GBLAN","S","Y",NA,8,3,0,0,0,1,"U","U","U","U",0,54.05,-2.78333333333333
"GBLGS","V","U",14,9,3,0,0,0,0,"U","U","U","U",0,55.8,-4.86666666666667
"GBLAR","S","Y",8,11,7,1,1,0,1,"U","U","Y","Y",12,54.85,-5.8
"GBLEI","M","Y",6,8,6,1,1,0,1,"U","Y","Y","Y",12,55.9833333333333,-3.18333333333333
"GBLER","M","U",9,10,13,1,1,0,0,"Y","Y","Y","Y",12,60.1666666666667,-1.15
"GBLIT","V","Y",0,5,NA,0,1,0,1,"U","U","U","Y",12,50.7833333333333,-0.533333333333333
"GBLIV","L","Y",6,6,13,1,1,1,1,"U","Y","Y","Y",12,53.4166666666667,-3
"GBLIB","V","U",NA,NA,NA,0,0,0,0,"U","U","U","U",0,53.5333333333333,-3.55
"GBLOL","V","U",0,14,8,0,0,0,0,"U","U","U","U",0,56.55,-5.76666666666667
"GBLBD","V","U",8,20,3,0,0,0,0,"U","U","U","U",0,57.15,-7.3
"GBLMA","V","U",13,13,3,0,1,0,0,"U","U","U","Y",12,57.6,-7.16666666666667
"GBLON","L","Y",8,14,3,1,1,1,1,"Y","Y","Y","Y",12,51.5,-0.0833333333333333
"GBLDY","M","Y",8,17,8,1,1,0,0,"U","U","Y","Y",12,55,-7.31666666666667
"GBLSS","V","U",3,13,0,0,1,0,0,"U","U","U","Y",12,57.7166666666667,-3.28333333333333
"GBLOW","S","Y",3,8,5,0,1,0,1,"U","U","U","Y",12,52.4833333333333,1.75
"GBLYS","M","Y",13,11,8,0,0,0,0,"U","U","U","U",0,58.8333333333333,-3.2
"GBMCD","V","Y",2,11,5,1,0,0,0,"U","U","U","Y",12,57.6666666666667,-2.5
"GBMLG","V","U",5,5,5,0,1,0,1,"U","U","U","Y",12,57,-5.81666666666667
"GBMNC","L","Y",5,6,5,1,1,1,0,"Y","Y","Y","Y",12,53.4833333333333,-2.26666666666667
"GBMTH","S","Y",2,11,5,0,1,0,1,"U","U","U","Y",12,56.1833333333333,-3
"GBMVG","V","U",2,3,0,0,0,0,0,"U","U","U","U",0,50.2666666666667,-4.78333333333333
"GBMLF","M","N",9,9,NA,0,1,0,0,"U","U","Y","Y",12,51.7166666666667,-5.03333333333333
"GBMLP","S","U",2,11,2,0,0,0,0,"U","U","U","U",0,55.75,-4.91666666666667
"GBMON","V","Y",5,23,6,1,1,0,0,"U","Y","Y","Y",12,56.7,-2.46666666666667
"GBCHE","V","U",11,16,2,1,1,1,1,"U","Y","Y","Y",12,53.3166666666667,-3.26666666666667
"GBNEA","V","Y",3,19,5,0,0,0,0,"U","U","U","U",0,51.6333333333333,-3.83333333333333
"GBNHV","V","Y",5,14,8,1,1,0,0,"U","U","U","Y",12,50.7833333333333,0.05
"GBNHO","V","U",0,5,0,0,1,1,0,"U","U","Y","Y",12,53.7,-0.366666666666667
"GBNYL","V","Y",14,14,5,0,1,0,1,"N","N","N","N",0,50.1,-5.55
"GBNPT","M","Y",9,17,6,1,1,0,0,"U","U","Y","Y",12,51.55,-2.98333333333333
"GBOBA","S","U",13,11,3,0,1,0,1,"U","U","U","Y",12,56.4166666666667,-5.46666666666667
"GBOKK","V","Y",6,NA,NA,0,0,0,1,"U","U","U","U",0,55.9166666666667,-4.46666666666667
"GBPAD","V","U",2,14,3,0,0,0,0,"N","N","N","N",0,50.55,-4.93333333333333
"GBPAR","V","Y",0,9,5,0,1,0,0,"U","U","U","Y",12,50.35,-4.7
"GBPEN","S","Y",NA,14,5,0,1,0,1,"U","Y","Y","Y",12,50.1166666666667,-5.53333333333333
"GBPER","S","Y",0,NA,3,1,1,0,0,"U","U","Y","Y",12,56.4,-3.45
"GBPHD","M","U",9,13,9,0,1,0,0,"Y","Y","Y","U",37,57.5,-1.78333333333333
"GBPLO","V","U",5,3,NA,0,0,0,1,"U","U","U","U",0,57.3333333333333,-5.65
"GBPLY","M","Y",9,8,8,1,1,1,0,"U","U","Y","Y",12,50.3666666666667,-4.15
"GBPOO","S","Y",5,11,6,0,1,0,1,"Y","Y","Y","Y",12,50.6833333333333,-1.95
"GBPLN","V","U",3,11,3,0,0,0,0,"U","U","U","U",0,55.6333333333333,-6.2
"GBPRH","M","N",11,20,13,1,1,0,1,"U","Y","U","Y",12,50.5833333333333,-2.43333333333333
"GBPMK","S","U",2,5,2,0,0,0,0,"U","U","U","U",0,57.8333333333333,-3.83333333333333
"GBPRT","V","Y",6,23,3,0,0,0,1,"U","U","U","U",0,57.4166666666667,-6.2
"GBME""","M","N",9,23,11,1,1,0,1,"U","Y","Y","Y",12,50.8,-1.1
"GBPTB","S","Y",11,22,14,1,1,0,0,"U","U","Y","U",37,51.5833333333333,-3.81666666666667
"GBRMG","S","U",6,2,6,1,1,0,1,"U","Y","Y","Y",12,51.3333333333333,1.41666666666667
"GBREN","V","Y",6,NA,2,0,0,0,1,"U","U","U","U",0,55.8833333333333,-4.38333333333333
"GBROY","S","Y",8,13,5,1,1,0,0,"U","Y","Y","U",37,56.0166666666667,-3.43333333333333
"GBRAY","V","U",13,14,2,0,1,0,0,"U","U","U","Y",12,55.8333333333333,-5.05
"GBRU7","V","N",0,5,3,0,1,0,0,"U","U","U","Y",12,50.9333333333333,0.766666666666667
"GBSWY","V","U",9,9,7,0,1,0,0,"Y","U","U","U",100,60.1333333333333,-1.28333333333333
"GBSCF","S","U",14,14,2,0,0,0,0,"U","U","U","U",0,58.95,-2.98333333333333
"GBSCA","V","U",2,8,5,1,1,0,1,"U","U","Y","Y",12,54.2833333333333,-0.4
"GBSCR","S","N",8,9,9,1,1,0,0,"U","Y","Y","Y",12,58.6166666666667,-3.55
"GBSEA","S","Y",2,13,6,1,1,1,1,"U","U","Y","Y",12,54.8333333333333,-1.31666666666667
"GBSSS","S","Y",2,6,6,1,1,1,0,"U","U","U","Y",12,51.7166666666667,-2.48333333333333
"GBSHS","V","U",11,14,11,0,0,0,1,"U","U","U","Y",12,51.45,0.75
"GBSHO","V","Y",2,9,6,1,1,0,1,"U","U","U","Y",12,50.8166666666667,-0.25
"GBSIL","S","Y",5,6,5,0,1,0,1,"U","U","Y","U",37,54.8666666666667,-3.4
"GBSOU","L","U",13,22,14,1,1,1,1,"Y","Y","U","Y",12,50.9,-1.4
"GBSGP","V","U",2,5,2,0,0,0,0,"U","U","U","U",0,58.8333333333333,-2.95
"GBSVZ","S","Y",11,5,5,0,0,0,1,"U","U","U","U",0,49.9166666666667,-6.31666666666667
"GBSTO","V","U",6,14,6,0,1,0,0,"U","U","U","Y",12,58.1833333333333,-6.36666666666667
"GBSTR","V","U",5,5,5,1,1,0,1,"U","Y","U","Y",12,54.9,-5.03333333333333
"GBSNS","V","N",5,6,6,0,1,0,0,"U","U","U","Y",12,58.9666666666667,-3.3
"GBSUL","S","U",23,NA,NA,0,0,0,0,"U","U","U","U",0,60.4666666666667,-1.3
"GBSUN","M","Y",6,13,6,1,1,0,1,"U","U","Y","Y",12,54.9166666666667,-1.36666666666667
"GBSWA","S","Y",3,9,9,1,1,0,1,"U","U","Y","Y",12,51.6166666666667,-3.95
"GBTAR","V","U",9,17,6,0,1,0,1,"U","U","U","U",0,57.9,-6.81666666666667
"GBTEE","L","Y",14,13,6,1,1,1,1,"Y","Y","Y","Y",12,54.65,-1.13333333333333
"GBTNM","V","Y",0,23,5,1,1,0,1,"U","Y","Y","Y",12,50.55,-3.5
"GBTHP","S","U",11,14,16,1,1,0,1,"U","Y","Y","U",37,51.4333333333333,0.7
"GBTIL","S","Y",NA,6,9,1,0,0,1,"U","U","Y","Y",12,51.4666666666667,0.333333333333333
"GBTOB","V","U",20,23,2,0,0,0,0,"U","U","U","U",0,56.6166666666667,-6.06666666666667
"GBTOR","V","U",5,23,3,0,0,0,1,"U","U","U","U",0,50.4666666666667,-3.53333333333333
"GBTRN","V","Y",3,5,5,1,0,0,1,"U","Y","Y","Y",12,55.55,-4.68333333333333
"GBTYM","M","Y",8,13,6,1,1,1,1,"Y","U","Y","Y",12,55,-1.4
"GBUIG","V","U",13,8,5,0,0,0,0,"U","U","U","U",0,57.5833333333333,-6.35
"GBULL","V","U",6,23,5,0,0,0,0,"U","U","U","U",0,57.9,-5.15
"GBWKO","V","Y",2,8,2,0,0,0,1,"U","U","U","U",0,55.3333333333333,-1.58333333333333
"GBWPT","V","U",5,6,8,1,1,0,1,"U","U","Y","U",37,54.1,-6.25
"GBWAT","V","U",2,6,5,1,1,0,0,"U","U","U","Y",12,51.1833333333333,-3.33333333333333
"GBWEY","S","Y",5,17,5,0,1,0,1,"Y","U","U","U",100,50.6166666666667,-2.45
"GBWTB","S","Y",5,13,2,0,1,0,0,"U","Y","Y","Y",12,54.4833333333333,-0.616666666666667
"GBWHL","V","U",3,2,2,0,0,0,0,"U","U","U","U",0,59.1333333333333,-2.6
"GBWTS","S","U",2,3,5,0,1,0,1,"U","U","U","Y",12,51.3666666666667,1.03333333333333
"GBWIC","S","Y",4,12,2,0,0,0,0,"U","U","U","U",0,58.4333333333333,-3.08333333333333
"GBWIS","S","Y",0,5,3,0,1,0,0,"U","U","Y","U",37,52.6666666666667,0.15
"GBWOR","V","Y",2,16,5,1,1,0,1,"U","U","Y","Y",12,54.5666666666667,-3.63333333333333
"GBYMO","S","N",2,14,2,1,1,0,0,"U","U","U","Y",12,50.7,-1.5
"NOAKM","V","Y",14,NA,2,0,0,0,0,"U","U","U","U",0,59.2666666666667,5.18333333333333
"NOBSD","V","N",6,NA,9,1,0,0,1,"U","U","U","Y",12,68.0666666666667,13.7
"NOBTS","V","U",NA,5,6,1,0,0,0,"U","U","U","Y",12,68.2333333333333,14.85
"NOBVK","S","Y",11,17,9,0,0,0,1,"N","N","N","N",0,59.0666666666667,9.7
"NODRG","V","N",NA,23,3,0,0,0,0,"U","U","U","U",0,68.05,16.0833333333333
"NOHRD","M","N",23,23,8,0,1,0,0,"U","U","Y","U",37,68.8,16.55
"NOHNE","V","N",NA,NA,14,0,0,0,0,"U","U","U","U",0,66.2333333333333,13.6166666666667
"NOHOK","V","N",NA,23,5,1,1,0,1,"U","U","U","Y",12,63.4166666666667,10.8
"NOKAR","M","Y",23,23,11,0,0,0,0,"U","U","U","U",0,59.2666666666667,5.51666666666667
"NOKOP","V","Y",5,9,5,0,1,1,0,"Y","Y","U","U",75,59.2833333333333,5.31666666666667
"NOMLT","V","N",NA,20,3,0,0,0,0,"U","U","U","U",0,62.3,5.65
"NOSPG","V","Y",5,NA,5,1,1,0,1,"U","U","Y","U",37,59.2666666666667,11.1
"NOSKN","V","Y",5,9,8,0,0,0,0,"U","U","U","U",0,68.5666666666667,14.9166666666667
"NOSUN","V","Y",23,9,9,1,1,0,0,"U","Y","Y","Y",12,62.6833333333333,8.55
"TRALA","V","U",NA,14,5,0,0,0,0,"U","U","U","U",0,36.5333333333333,32
"TRALI","V","U",NA,8,NA,1,0,0,1,"Y","Y","Y","Y",12,38.8333333333333,26.9333333333333
"TRAMR","V","U",NA,5,5,1,1,0,0,"Y","Y","Y","Y",12,40.9666666666667,28.7
"TRAYT","S","U",6,20,5,1,1,0,0,"U","U","Y","Y",12,36.8333333333333,30.6166666666667
"TRUZE","V","U",NA,19,NA,0,0,0,0,"U","U","U","U",0,36.8166666666667,30.6
"TRAYV","V","U",5,9,3,0,0,0,0,"U","U","U","U",0,39.3166666666667,26.7
"TRBDM","V","U",23,11,8,0,1,0,1,"U","U","Y","U",37,40.35,27.9666666666667
"TRBXN","V","N",NA,17,22,0,0,0,0,"U","U","U","U",0,37.0333333333333,27.4333333333333
"TRBOT","V","U",NA,NA,23,0,0,0,0,"U","U","U","U",0,36.8833333333333,35.9333333333333
"TRCKZ","S","U",23,20,5,0,0,0,0,"U","U","U","U",0,40.15,26.4
"TRDRC","S","U",5,23,2,1,1,0,1,"U","U","Y","Y",12,40.75,29.8166666666667
"TRDIK","V","N",NA,20,6,0,0,0,1,"U","U","U","U",0,39.0166666666667,26.8166666666667
"TRECE","V","U",NA,23,NA,0,0,0,0,"U","U","U","U",0,40.1833333333333,26.3666666666667
"TRERK","V","U",23,17,3,0,0,0,0,"U","U","U","U",0,40.3833333333333,27.8
"TRERE","V","Y",20,13,9,1,1,0,1,"U","U","Y","Y",12,41.3,31.45
"TRFET","V","Y",23,11,9,0,0,0,0,"U","U","U","U",0,36.6333333333333,29.1
"TRGEB","V","N",NA,17,8,0,0,0,1,"U","U","U","U",0,40.7666666666667,29.55
"TRGEL","V","N",NA,22,20,0,0,0,0,"U","U","U","U",0,40.4,26.6666666666667
"TRGEM","V","Y",NA,23,6,0,1,0,0,"Y","Y","Y","U",37,40.4166666666667,29.1166666666667
"TRGIR","V","U",23,23,6,1,1,0,0,"U","U","U","Y",12,40.9333333333333,38.4
"TRGOK","V","U",5,13,NA,1,0,1,0,"U","N","Y","Y",12,40.7333333333333,29.8166666666667
"TRGUL","V","U",NA,20,8,0,0,0,0,"U","U","U","U",0,37.25,27.6166666666667
"TRHAY","M","Y",23,11,5,1,1,1,1,"Y","Y","Y","Y",12,41,29.0166666666667
"TRHOP","V","U",23,23,8,1,1,1,0,"U","U","Y","Y",12,41.4166666666667,41.4
"TRINE","V","U",5,5,5,0,0,0,0,"U","U","U","U",0,41.9833333333333,33.7666666666667
"TRISK","V","U",11,5,13,1,1,1,1,"U","Y","Y","Y",12,36.6,36.1666666666667
"TRIST","L","Y",13,23,6,0,1,1,1,"U","Y","Y","Y",12,41.0166666666667,28.9666666666667
"TRITY","V","Y",23,23,2,0,0,0,0,"U","U","U","U",0,41.1166666666667,29.05
"TRIZM","L","U",9,14,8,1,1,1,1,"Y","Y","Y","Y",12,38.4333333333333,27.1333333333333
"TRIZT","S","Y",5,16,5,0,0,0,1,"U","U","U","U",0,40.7666666666667,29.9166666666667
"TRKRB","V","U",5,11,3,0,0,0,0,"U","U","U","U",0,40.4,27.3166666666667
"TRKUS","V","U",9,23,NA,0,0,0,0,"U","U","U","U",0,37.8666666666667,27.25
"TRMRM","V","N",23,13,6,0,0,0,0,"U","U","U","U",0,36.85,28.2833333333333
"TRMER","M","Y",11,3,3,1,1,0,1,"U","U","Y","Y",12,36.8,34.6333333333333
"TRMUD","V","U",23,23,5,0,0,0,0,"U","U","U","U",0,40.3833333333333,28.8833333333333
"TRNEM","M","U",16,16,6,1,1,0,0,"Y","U","U","Y",12,38.7666666666667,26.9166666666667
"TRORD","V","U",23,8,5,0,0,0,0,"U","U","Y","Y",12,41,37.8833333333333
"TRRIZ","V","U",23,11,8,0,1,0,0,"U","U","Y","Y",12,41.0666666666667,40.5166666666667
"TRSSX","L","U",11,23,5,1,1,0,1,"U","U","Y","Y",12,41.3,36.35
"TRSIC","V","U",3,8,2,1,1,0,0,"U","U","Y","Y",12,42.05,35.1666666666667
"TRTAS","V","U",23,8,5,0,0,0,0,"U","U","U","U",0,36.3166666666667,33.8833333333333
"TRTEK","V","U",NA,11,9,1,1,0,0,"U","Y","Y","Y",12,40.9833333333333,27.5166666666667
"TRTGT","V","U",NA,23,5,1,1,0,0,"Y","Y","U","Y",12,36.9166666666667,35.9666666666667
"TRTZX","V","U",9,23,9,1,1,0,0,"N","Y","Y","Y",12,41.0166666666667,39.7666666666667
"TRYAK","V","U",17,19,5,0,1,0,1,"Y","Y","Y","Y",12,36.7166666666667,36.1833333333333
"TRYAR","S","U",NA,14,6,1,0,0,1,"U","Y","U","U",75,40.8,29.7
"TRZON","V","U",5,23,5,1,1,1,1,"U","Y","U","Y",12,41.4666666666667,31.8166666666667
"NOMJF","V","Y",4,9,4,1,1,0,1,"N","N","Y","Y",12,65.8333333333333,13.2
"NOKRS","S","Y",4,14,4,1,1,NA,1,NA,"Y","Y","Y",12,58.15,8
"GBPME","S","Y",9,20,9,NA,1,NA,1,"Y","Y","Y","Y",12,43.0833333333333,-70.75
"NOOSL","L",NA,11,17,4,1,1,1,1,"Y","Y","Y","Y",12,59.9166666666667,10.75
"NOMSS","S","Y",11,20,7,1,1,1,1,NA,"Y","Y",NA,37,59.45,10.6666666666667
"NOFRK","S","Y",4,7,3,1,1,NA,1,NA,"Y","Y","Y",12,59.2,10.95
"SEGOT","L","Y",7,23,4,1,1,1,1,"Y","Y","Y","Y",12,57.7,11.9666666666667
"SEHAD","S","Y",11,7,6,1,1,NA,1,"Y",NA,"Y","Y",12,56.6666666666667,12.8666666666667
"SEHEL","M","N",9,14,4,1,1,NA,1,NA,NA,"Y","Y",12,56.05,12.7
"SEMMA","L","Y",7,9,4,1,1,NA,1,NA,"Y","Y",NA,37,55.6166666666667,13
"SEGVX","S","Y",9,11,7,1,NA,NA,1,NA,NA,"Y",NA,37,60.6833333333333,17.1666666666667
"FIOUL","L","Y",6,11,6,NA,1,NA,1,NA,"Y",NA,"Y",12,65.0166666666667,25.4
"FIRAU","M","Y",9,7,4,NA,1,NA,1,NA,NA,NA,"Y",12,61.1333333333333,21.5
"FIHKO","S",NA,6,23,12,1,1,NA,1,NA,NA,"Y","Y",12,59.8166666666667,22.95
"FIHEL","L","Y",7,11,3,1,1,1,1,"Y","Y","Y","Y",12,60.1666666666667,24.9666666666667
"EETLL","L","Y",6,20,3,1,1,1,0,"Y","Y","Y","Y",12,59.45,24.7666666666667
"LVRIX","L","Y",12,21,9,1,1,NA,0,NA,"Y","Y","Y",12,56.95,24.1
"LTKLJ","M","Y",9,23,6,NA,1,1,1,NA,"Y","Y","Y",12,55.7166666666667,21.1166666666667
"DELBC","M","Y",7,12,7,1,1,1,1,NA,"Y","Y","Y",12,53.8833333333333,10.7
"DEKEL","L","Y",11,6,4,1,1,NA,1,NA,NA,"Y","Y",12,54.3166666666667,10.1333333333333
"DKAAR","M","Y",11,11,7,1,1,1,1,NA,"Y","Y","Y",12,56.15,10.2166666666667
"DKAAL","S","Y",9,6,9,1,NA,1,1,NA,"Y","Y","Y",12,57.05,9.93333333333333
"IEDUB","M","Y",9,20,9,1,1,1,1,"Y","Y","Y",NA,37,53.35,-6.25
"MTMAR","S",NA,14,23,15,NA,1,NA,0,NA,NA,"Y",NA,37,35.8166666666667,14.55
"SIKOP","S","N",12,17,12,1,1,NA,1,NA,"Y","Y","Y",12,45.55,13.7333333333333
"MEBAR","S","N",17,23,9,1,1,1,0,NA,"Y","Y","Y",12,42.0833333333333,19.0833333333333
"TRAMB","V",NA,NA,4,4,1,1,NA,0,"Y","Y","Y","Y",12,40.9666666666667,28.7
"BGVAR","L","Y",9,15,4,1,1,1,1,"Y",NA,"Y","Y",12,43.1833333333333,27.9666666666667
"ITRAN","S","Y",9,4,4,NA,1,1,1,"Y",NA,"Y","Y",12,44.5,12.2833333333333
"NLMOE","M",NA,8,NA,8,1,1,1,1,"N","Y","Y","N",37,51.7,4.58333333333333
"DKCPH","L",NA,6,9,9,1,1,1,1,"Y","Y","Y","Y",12,55.7,12.6333333333333
"FR_4","M",NA,9,11,6,NA,1,NA,0,NA,NA,"Y","Y",12,NA,NA
"MQFDF","M",NA,9,11,6,NA,1,NA,0,NA,NA,"Y","Y",12,14.6,-61.0666666666667
"REPDG","VS",NA,1,11,3,NA,NA,NA,0,NA,NA,NA,NA,0,-20.9166666666667,55.2833333333333
"ESMLN",NA,NA,NA,NA,9,NA,NA,NA,0,NA,NA,NA,NA,0,35.3,-2.93333333333333
"GBFOR",NA,NA,NA,NA,20,NA,NA,NA,0,NA,NA,NA,NA,0,56.0333333333333,-3.23333333333333
"GBMED",NA,NA,NA,NA,8,NA,NA,NA,0,NA,NA,NA,NA,0,51.6666666666667,0.9
"GBMME","L",NA,3,12,7,1,1,1,1,"Y","Y","Y","Y",12,NA,NA
"GPPTP","S",NA,11,11,11,NA,1,NA,0,NA,NA,NA,NA,0,16.2333333333333,-61.5333333333333
"ESCAS","S",NA,9,11,7,1,1,1,0,"Y","Y","Y",NA,37,39.9666666666667,0.0166666666666667
"NOBRG",NA,NA,NA,NA,10,1,1,NA,0,"Y","Y","Y","Y",12,59.2666666666667,11.0333333333333
"NOGVL",NA,NA,NA,NA,NA,NA,NA,NA,0,NA,NA,NA,NA,0,NA,NA
"PTCNL","S",NA,NA,NA,11,NA,NA,NA,0,NA,"Y",NA,NA,75,32.7333333333333,-16.7333333333333
"ESAGA",NA,NA,NA,NA,5,NA,NA,NA,0,NA,NA,NA,NA,0,28.1,-15.7166666666667
"BE003",NA,NA,NA,NA,NA,NA,NA,NA,0,NA,NA,NA,NA,0,NA,NA
